시도,시군구,연령군,환자수
서울,강남구,0~9세,24
서울,강남구,10~19세,29
서울,강남구,20~29세,39
서울,강남구,30~39세,63
서울,강남구,40~49세,57
서울,강남구,50~59세,43
서울,강남구,60~69세,13
서울,강남구,70~79세,0
서울,강남구,80~89세,0
서울,강남구,90~99세,0
서울,강남구,100세 이상,0
서울,강남구,0~9세,16
서울,강남구,10~19세,25
서울,강남구,20~29세,157
서울,강남구,30~39세,228
서울,강남구,40~49세,236
서울,강남구,50~59세,114
서울,강남구,60~69세,43
서울,강남구,70~79세,0
서울,강남구,80~89세,0
서울,강남구,90~99세,0
서울,강남구,100세 이상,0
서울,강동구,0~9세,0
서울,강동구,10~19세,0
서울,강동구,20~29세,22
서울,강동구,30~39세,26
서울,강동구,40~49세,29
서울,강동구,50~59세,14
서울,강동구,60~69세,0
서울,강동구,70~79세,0
서울,강동구,80~89세,0
서울,강동구,90~99세,0
서울,강동구,100세 이상,0
서울,강동구,0~9세,0
서울,강동구,10~19세,0
서울,강동구,20~29세,64
서울,강동구,30~39세,166
서울,강동구,40~49세,182
서울,강동구,50~59세,88
서울,강동구,60~69세,35
서울,강동구,70~79세,0
서울,강동구,80~89세,0
서울,강동구,90~99세,0
서울,강동구,100세 이상,0
서울,강서구,0~9세,0
서울,강서구,10~19세,0
서울,강서구,20~29세,0
서울,강서구,30~39세,11
서울,강서구,40~49세,0
서울,강서구,50~59세,0
서울,강서구,60~69세,0
서울,강서구,70~79세,0
서울,강서구,80~89세,0
서울,강서구,90~99세,0
서울,강서구,100세 이상,0
서울,강서구,0~9세,0
서울,강서구,10~19세,0
서울,강서구,20~29세,23
서울,강서구,30~39세,35
서울,강서구,40~49세,55
서울,강서구,50~59세,26
서울,강서구,60~69세,12
서울,강서구,70~79세,0
서울,강서구,80~89세,0
서울,강서구,90~99세,0
서울,강서구,100세 이상,0
서울,관악구,0~9세,0
서울,관악구,10~19세,0
서울,관악구,20~29세,79
서울,관악구,30~39세,118
서울,관악구,40~49세,58
서울,관악구,50~59세,20
서울,관악구,60~69세,0
서울,관악구,70~79세,0
서울,관악구,80~89세,0
서울,관악구,90~99세,0
서울,관악구,100세 이상,0
서울,관악구,0~9세,0
서울,관악구,10~19세,22
서울,관악구,20~29세,197
서울,관악구,30~39세,340
서울,관악구,40~49세,198
서울,관악구,50~59세,90
서울,관악구,60~69세,22
서울,관악구,70~79세,0
서울,관악구,80~89세,0
서울,관악구,90~99세,0
서울,관악구,100세 이상,0
서울,구로구,0~9세,0
서울,구로구,10~19세,0
서울,구로구,20~29세,11
서울,구로구,30~39세,25
서울,구로구,40~49세,0
서울,구로구,50~59세,0
서울,구로구,60~69세,0
서울,구로구,70~79세,0
서울,구로구,80~89세,0
서울,구로구,90~99세,0
서울,구로구,100세 이상,0
서울,구로구,0~9세,0
서울,구로구,10~19세,0
서울,구로구,20~29세,12
서울,구로구,30~39세,43
서울,구로구,40~49세,59
서울,구로구,50~59세,49
서울,구로구,60~69세,36
서울,구로구,70~79세,0
서울,구로구,80~89세,0
서울,구로구,90~99세,0
서울,구로구,100세 이상,0
서울,도봉구,0~9세,0
서울,도봉구,10~19세,0
서울,도봉구,20~29세,0
서울,도봉구,30~39세,0
서울,도봉구,40~49세,0
서울,도봉구,50~59세,0
서울,도봉구,60~69세,0
서울,도봉구,70~79세,0
서울,도봉구,80~89세,0
서울,도봉구,90~99세,0
서울,도봉구,100세 이상,0
서울,도봉구,0~9세,0
서울,도봉구,10~19세,0
서울,도봉구,20~29세,0
서울,도봉구,30~39세,0
서울,도봉구,40~49세,0
서울,도봉구,50~59세,0
서울,도봉구,60~69세,0
서울,도봉구,70~79세,0
서울,도봉구,80~89세,0
서울,도봉구,90~99세,0
서울,도봉구,100세 이상,0
서울,동대문구,0~9세,0
서울,동대문구,10~19세,0
서울,동대문구,20~29세,0
서울,동대문구,30~39세,0
서울,동대문구,40~49세,0
서울,동대문구,50~59세,0
서울,동대문구,60~69세,0
서울,동대문구,70~79세,0
서울,동대문구,80~89세,0
서울,동대문구,90~99세,0
서울,동대문구,100세 이상,0
서울,동대문구,0~9세,0
서울,동대문구,10~19세,0
서울,동대문구,20~29세,14
서울,동대문구,30~39세,20
서울,동대문구,40~49세,26
서울,동대문구,50~59세,11
서울,동대문구,60~69세,0
서울,동대문구,70~79세,0
서울,동대문구,80~89세,0
서울,동대문구,90~99세,0
서울,동대문구,100세 이상,0
서울,동작구,0~9세,10
서울,동작구,10~19세,16
서울,동작구,20~29세,0
서울,동작구,30~39세,0
서울,동작구,40~49세,0
서울,동작구,50~59세,0
서울,동작구,60~69세,0
서울,동작구,70~79세,0
서울,동작구,80~89세,0
서울,동작구,90~99세,0
서울,동작구,100세 이상,0
서울,동작구,0~9세,0
서울,동작구,10~19세,0
서울,동작구,20~29세,10
서울,동작구,30~39세,15
서울,동작구,40~49세,14
서울,동작구,50~59세,10
서울,동작구,60~69세,0
서울,동작구,70~79세,0
서울,동작구,80~89세,0
서울,동작구,90~99세,0
서울,동작구,100세 이상,0
서울,마포구,0~9세,0
서울,마포구,10~19세,0
서울,마포구,20~29세,0
서울,마포구,30~39세,17
서울,마포구,40~49세,0
서울,마포구,50~59세,0
서울,마포구,60~69세,0
서울,마포구,70~79세,0
서울,마포구,80~89세,0
서울,마포구,90~99세,0
서울,마포구,100세 이상,0
서울,마포구,0~9세,0
서울,마포구,10~19세,0
서울,마포구,20~29세,28
서울,마포구,30~39세,34
서울,마포구,40~49세,23
서울,마포구,50~59세,26
서울,마포구,60~69세,0
서울,마포구,70~79세,0
서울,마포구,80~89세,0
서울,마포구,90~99세,0
서울,마포구,100세 이상,0
서울,서대문구,0~9세,0
서울,서대문구,10~19세,13
서울,서대문구,20~29세,0
서울,서대문구,30~39세,0
서울,서대문구,40~49세,0
서울,서대문구,50~59세,0
서울,서대문구,60~69세,0
서울,서대문구,70~79세,0
서울,서대문구,80~89세,0
서울,서대문구,90~99세,0
서울,서대문구,100세 이상,0
서울,서대문구,0~9세,0
서울,서대문구,10~19세,0
서울,서대문구,20~29세,14
서울,서대문구,30~39세,16
서울,서대문구,40~49세,15
서울,서대문구,50~59세,0
서울,서대문구,60~69세,0
서울,서대문구,70~79세,0
서울,서대문구,80~89세,0
서울,서대문구,90~99세,0
서울,서대문구,100세 이상,0
서울,성동구,0~9세,0
서울,성동구,10~19세,0
서울,성동구,20~29세,0
서울,성동구,30~39세,0
서울,성동구,40~49세,0
서울,성동구,50~59세,0
서울,성동구,60~69세,0
서울,성동구,70~79세,0
서울,성동구,80~89세,0
서울,성동구,90~99세,0
서울,성동구,100세 이상,0
서울,성동구,0~9세,0
서울,성동구,10~19세,0
서울,성동구,20~29세,0
서울,성동구,30~39세,18
서울,성동구,40~49세,20
서울,성동구,50~59세,0
서울,성동구,60~69세,0
서울,성동구,70~79세,0
서울,성동구,80~89세,0
서울,성동구,90~99세,0
서울,성동구,100세 이상,0
서울,성북구,0~9세,15
서울,성북구,10~19세,24
서울,성북구,20~29세,30
서울,성북구,30~39세,29
서울,성북구,40~49세,20
서울,성북구,50~59세,10
서울,성북구,60~69세,0
서울,성북구,70~79세,0
서울,성북구,80~89세,0
서울,성북구,90~99세,0
서울,성북구,100세 이상,0
서울,성북구,0~9세,0
서울,성북구,10~19세,14
서울,성북구,20~29세,25
서울,성북구,30~39세,32
서울,성북구,40~49세,37
서울,성북구,50~59세,29
서울,성북구,60~69세,14
서울,성북구,70~79세,0
서울,성북구,80~89세,0
서울,성북구,90~99세,0
서울,성북구,100세 이상,0
서울,영등포구,0~9세,0
서울,영등포구,10~19세,0
서울,영등포구,20~29세,0
서울,영등포구,30~39세,20
서울,영등포구,40~49세,13
서울,영등포구,50~59세,0
서울,영등포구,60~69세,0
서울,영등포구,70~79세,0
서울,영등포구,80~89세,0
서울,영등포구,90~99세,0
서울,영등포구,100세 이상,0
서울,영등포구,0~9세,0
서울,영등포구,10~19세,0
서울,영등포구,20~29세,14
서울,영등포구,30~39세,24
서울,영등포구,40~49세,43
서울,영등포구,50~59세,20
서울,영등포구,60~69세,0
서울,영등포구,70~79세,0
서울,영등포구,80~89세,0
서울,영등포구,90~99세,0
서울,영등포구,100세 이상,0
서울,용산구,0~9세,0
서울,용산구,10~19세,0
서울,용산구,20~29세,15
서울,용산구,30~39세,40
서울,용산구,40~49세,17
서울,용산구,50~59세,12
서울,용산구,60~69세,0
서울,용산구,70~79세,0
서울,용산구,80~89세,0
서울,용산구,90~99세,0
서울,용산구,100세 이상,0
서울,용산구,0~9세,0
서울,용산구,10~19세,0
서울,용산구,20~29세,56
서울,용산구,30~39세,83
서울,용산구,40~49세,48
서울,용산구,50~59세,29
서울,용산구,60~69세,0
서울,용산구,70~79세,0
서울,용산구,80~89세,0
서울,용산구,90~99세,0
서울,용산구,100세 이상,0
서울,은평구,0~9세,0
서울,은평구,10~19세,12
서울,은평구,20~29세,10
서울,은평구,30~39세,12
서울,은평구,40~49세,0
서울,은평구,50~59세,0
서울,은평구,60~69세,0
서울,은평구,70~79세,0
서울,은평구,80~89세,0
서울,은평구,90~99세,0
서울,은평구,100세 이상,0
서울,은평구,0~9세,0
서울,은평구,10~19세,0
서울,은평구,20~29세,14
서울,은평구,30~39세,26
서울,은평구,40~49세,28
서울,은평구,50~59세,21
서울,은평구,60~69세,0
서울,은평구,70~79세,0
서울,은평구,80~89세,0
서울,은평구,90~99세,0
서울,은평구,100세 이상,0
서울,종로구,0~9세,0
서울,종로구,10~19세,0
서울,종로구,20~29세,21
서울,종로구,30~39세,32
서울,종로구,40~49세,26
서울,종로구,50~59세,16
서울,종로구,60~69세,0
서울,종로구,70~79세,0
서울,종로구,80~89세,0
서울,종로구,90~99세,0
서울,종로구,100세 이상,0
서울,종로구,0~9세,0
서울,종로구,10~19세,0
서울,종로구,20~29세,29
서울,종로구,30~39세,58
서울,종로구,40~49세,63
서울,종로구,50~59세,39
서울,종로구,60~69세,17
서울,종로구,70~79세,0
서울,종로구,80~89세,0
서울,종로구,90~99세,0
서울,종로구,100세 이상,0
서울,중구,0~9세,0
서울,중구,10~19세,0
서울,중구,20~29세,0
서울,중구,30~39세,0
서울,중구,40~49세,0
서울,중구,50~59세,0
서울,중구,60~69세,0
서울,중구,70~79세,0
서울,중구,80~89세,0
서울,중구,90~99세,0
서울,중구,100세 이상,0
서울,중구,0~9세,0
서울,중구,10~19세,0
서울,중구,20~29세,0
서울,중구,30~39세,19
서울,중구,40~49세,14
서울,중구,50~59세,0
서울,중구,60~69세,0
서울,중구,70~79세,0
서울,중구,80~89세,0
서울,중구,90~99세,0
서울,중구,100세 이상,0
서울,송파구,0~9세,19
서울,송파구,10~19세,73
서울,송파구,20~29세,78
서울,송파구,30~39세,97
서울,송파구,40~49세,96
서울,송파구,50~59세,63
서울,송파구,60~69세,26
서울,송파구,70~79세,0
서울,송파구,80~89세,0
서울,송파구,90~99세,0
서울,송파구,100세 이상,0
서울,송파구,0~9세,14
서울,송파구,10~19세,46
서울,송파구,20~29세,118
서울,송파구,30~39세,206
서울,송파구,40~49세,264
서울,송파구,50~59세,179
서울,송파구,60~69세,110
서울,송파구,70~79세,34
서울,송파구,80~89세,0
서울,송파구,90~99세,0
서울,송파구,100세 이상,0
서울,중랑구,0~9세,0
서울,중랑구,10~19세,0
서울,중랑구,20~29세,16
서울,중랑구,30~39세,32
서울,중랑구,40~49세,17
서울,중랑구,50~59세,0
서울,중랑구,60~69세,0
서울,중랑구,70~79세,0
서울,중랑구,80~89세,0
서울,중랑구,90~99세,0
서울,중랑구,100세 이상,0
서울,중랑구,0~9세,0
서울,중랑구,10~19세,10
서울,중랑구,20~29세,63
서울,중랑구,30~39세,142
서울,중랑구,40~49세,113
서울,중랑구,50~59세,59
서울,중랑구,60~69세,18
서울,중랑구,70~79세,0
서울,중랑구,80~89세,0
서울,중랑구,90~99세,0
서울,중랑구,100세 이상,0
서울,양천구,0~9세,0
서울,양천구,10~19세,0
서울,양천구,20~29세,0
서울,양천구,30~39세,12
서울,양천구,40~49세,0
서울,양천구,50~59세,0
서울,양천구,60~69세,0
서울,양천구,70~79세,0
서울,양천구,80~89세,0
서울,양천구,90~99세,0
서울,양천구,100세 이상,0
서울,양천구,0~9세,0
서울,양천구,10~19세,0
서울,양천구,20~29세,14
서울,양천구,30~39세,22
서울,양천구,40~49세,28
서울,양천구,50~59세,33
서울,양천구,60~69세,15
서울,양천구,70~79세,0
서울,양천구,80~89세,0
서울,양천구,90~99세,0
서울,양천구,100세 이상,0
서울,서초구,0~9세,0
서울,서초구,10~19세,11
서울,서초구,20~29세,26
서울,서초구,30~39세,55
서울,서초구,40~49세,33
서울,서초구,50~59세,13
서울,서초구,60~69세,0
서울,서초구,70~79세,0
서울,서초구,80~89세,0
서울,서초구,90~99세,0
서울,서초구,100세 이상,0
서울,서초구,0~9세,0
서울,서초구,10~19세,0
서울,서초구,20~29세,80
서울,서초구,30~39세,138
서울,서초구,40~49세,122
서울,서초구,50~59세,59
서울,서초구,60~69세,16
서울,서초구,70~79세,0
서울,서초구,80~89세,0
서울,서초구,90~99세,0
서울,서초구,100세 이상,0
서울,노원구,0~9세,0
서울,노원구,10~19세,0
서울,노원구,20~29세,0
서울,노원구,30~39세,0
서울,노원구,40~49세,0
서울,노원구,50~59세,0
서울,노원구,60~69세,0
서울,노원구,70~79세,0
서울,노원구,80~89세,0
서울,노원구,90~99세,0
서울,노원구,100세 이상,0
서울,노원구,0~9세,0
서울,노원구,10~19세,0
서울,노원구,20~29세,0
서울,노원구,30~39세,25
서울,노원구,40~49세,24
서울,노원구,50~59세,21
서울,노원구,60~69세,0
서울,노원구,70~79세,0
서울,노원구,80~89세,0
서울,노원구,90~99세,0
서울,노원구,100세 이상,0
서울,광진구,0~9세,0
서울,광진구,10~19세,0
서울,광진구,20~29세,0
서울,광진구,30~39세,0
서울,광진구,40~49세,0
서울,광진구,50~59세,0
서울,광진구,60~69세,0
서울,광진구,70~79세,0
서울,광진구,80~89세,0
서울,광진구,90~99세,0
서울,광진구,100세 이상,0
서울,광진구,0~9세,0
서울,광진구,10~19세,0
서울,광진구,20~29세,0
서울,광진구,30~39세,12
서울,광진구,40~49세,18
서울,광진구,50~59세,30
서울,광진구,60~69세,0
서울,광진구,70~79세,0
서울,광진구,80~89세,0
서울,광진구,90~99세,0
서울,광진구,100세 이상,0
서울,강북구,0~9세,0
서울,강북구,10~19세,0
서울,강북구,20~29세,15
서울,강북구,30~39세,21
서울,강북구,40~49세,28
서울,강북구,50~59세,14
서울,강북구,60~69세,0
서울,강북구,70~79세,0
서울,강북구,80~89세,0
서울,강북구,90~99세,0
서울,강북구,100세 이상,0
서울,강북구,0~9세,0
서울,강북구,10~19세,0
서울,강북구,20~29세,32
서울,강북구,30~39세,62
서울,강북구,40~49세,87
서울,강북구,50~59세,31
서울,강북구,60~69세,18
서울,강북구,70~79세,0
서울,강북구,80~89세,0
서울,강북구,90~99세,0
서울,강북구,100세 이상,0
서울,금천구,0~9세,0
서울,금천구,10~19세,0
서울,금천구,20~29세,0
서울,금천구,30~39세,0
서울,금천구,40~49세,0
서울,금천구,50~59세,0
서울,금천구,60~69세,0
서울,금천구,70~79세,0
서울,금천구,80~89세,0
서울,금천구,90~99세,0
서울,금천구,100세 이상,0
서울,금천구,0~9세,0
서울,금천구,10~19세,0
서울,금천구,20~29세,10
서울,금천구,30~39세,11
서울,금천구,40~49세,17
서울,금천구,50~59세,0
서울,금천구,60~69세,0
서울,금천구,70~79세,0
서울,금천구,80~89세,0
서울,금천구,90~99세,0
서울,금천구,100세 이상,0
부산,부산남구,0~9세,0
부산,부산남구,10~19세,0
부산,부산남구,20~29세,0
부산,부산남구,30~39세,0
부산,부산남구,40~49세,0
부산,부산남구,50~59세,0
부산,부산남구,60~69세,0
부산,부산남구,70~79세,0
부산,부산남구,80~89세,0
부산,부산남구,90~99세,0
부산,부산남구,100세 이상,0
부산,부산남구,0~9세,0
부산,부산남구,10~19세,0
부산,부산남구,20~29세,0
부산,부산남구,30~39세,0
부산,부산남구,40~49세,14
부산,부산남구,50~59세,0
부산,부산남구,60~69세,0
부산,부산남구,70~79세,0
부산,부산남구,80~89세,0
부산,부산남구,90~99세,0
부산,부산남구,100세 이상,0
부산,부산동구,0~9세,0
부산,부산동구,10~19세,0
부산,부산동구,20~29세,0
부산,부산동구,30~39세,0
부산,부산동구,40~49세,0
부산,부산동구,50~59세,0
부산,부산동구,60~69세,0
부산,부산동구,70~79세,0
부산,부산동구,80~89세,0
부산,부산동구,90~99세,0
부산,부산동구,100세 이상,0
부산,부산동구,0~9세,0
부산,부산동구,10~19세,0
부산,부산동구,20~29세,0
부산,부산동구,30~39세,14
부산,부산동구,40~49세,19
부산,부산동구,50~59세,13
부산,부산동구,60~69세,0
부산,부산동구,70~79세,0
부산,부산동구,80~89세,0
부산,부산동구,90~99세,0
부산,부산동구,100세 이상,0
부산,부산동래구,0~9세,0
부산,부산동래구,10~19세,0
부산,부산동래구,20~29세,0
부산,부산동래구,30~39세,0
부산,부산동래구,40~49세,0
부산,부산동래구,50~59세,0
부산,부산동래구,60~69세,0
부산,부산동래구,70~79세,0
부산,부산동래구,80~89세,0
부산,부산동래구,90~99세,0
부산,부산동래구,100세 이상,0
부산,부산동래구,0~9세,0
부산,부산동래구,10~19세,0
부산,부산동래구,20~29세,0
부산,부산동래구,30~39세,0
부산,부산동래구,40~49세,11
부산,부산동래구,50~59세,0
부산,부산동래구,60~69세,0
부산,부산동래구,70~79세,0
부산,부산동래구,80~89세,0
부산,부산동래구,90~99세,0
부산,부산동래구,100세 이상,0
부산,부산진구,0~9세,0
부산,부산진구,10~19세,0
부산,부산진구,20~29세,0
부산,부산진구,30~39세,14
부산,부산진구,40~49세,0
부산,부산진구,50~59세,0
부산,부산진구,60~69세,0
부산,부산진구,70~79세,0
부산,부산진구,80~89세,0
부산,부산진구,90~99세,0
부산,부산진구,100세 이상,0
부산,부산진구,0~9세,0
부산,부산진구,10~19세,0
부산,부산진구,20~29세,17
부산,부산진구,30~39세,31
부산,부산진구,40~49세,35
부산,부산진구,50~59세,35
부산,부산진구,60~69세,15
부산,부산진구,70~79세,0
부산,부산진구,80~89세,0
부산,부산진구,90~99세,0
부산,부산진구,100세 이상,0
부산,부산북구,0~9세,0
부산,부산북구,10~19세,0
부산,부산북구,20~29세,0
부산,부산북구,30~39세,0
부산,부산북구,40~49세,0
부산,부산북구,50~59세,0
부산,부산북구,60~69세,0
부산,부산북구,70~79세,0
부산,부산북구,80~89세,0
부산,부산북구,90~99세,0
부산,부산북구,100세 이상,0
부산,부산북구,0~9세,0
부산,부산북구,10~19세,0
부산,부산북구,20~29세,0
부산,부산북구,30~39세,13
부산,부산북구,40~49세,0
부산,부산북구,50~59세,0
부산,부산북구,60~69세,0
부산,부산북구,70~79세,0
부산,부산북구,80~89세,0
부산,부산북구,90~99세,0
부산,부산북구,100세 이상,0
부산,부산서구,0~9세,0
부산,부산서구,10~19세,0
부산,부산서구,20~29세,11
부산,부산서구,30~39세,24
부산,부산서구,40~49세,16
부산,부산서구,50~59세,0
부산,부산서구,60~69세,0
부산,부산서구,70~79세,0
부산,부산서구,80~89세,0
부산,부산서구,90~99세,0
부산,부산서구,100세 이상,0
부산,부산서구,0~9세,0
부산,부산서구,10~19세,0
부산,부산서구,20~29세,21
부산,부산서구,30~39세,45
부산,부산서구,40~49세,24
부산,부산서구,50~59세,38
부산,부산서구,60~69세,14
부산,부산서구,70~79세,0
부산,부산서구,80~89세,0
부산,부산서구,90~99세,0
부산,부산서구,100세 이상,0
부산,부산영도구,0~9세,0
부산,부산영도구,10~19세,0
부산,부산영도구,20~29세,0
부산,부산영도구,30~39세,0
부산,부산영도구,40~49세,0
부산,부산영도구,50~59세,0
부산,부산영도구,60~69세,0
부산,부산영도구,70~79세,0
부산,부산영도구,80~89세,0
부산,부산영도구,90~99세,0
부산,부산영도구,100세 이상,0
부산,부산영도구,0~9세,0
부산,부산영도구,10~19세,0
부산,부산영도구,20~29세,0
부산,부산영도구,30~39세,0
부산,부산영도구,40~49세,0
부산,부산영도구,50~59세,0
부산,부산영도구,60~69세,0
부산,부산영도구,70~79세,0
부산,부산영도구,80~89세,0
부산,부산영도구,90~99세,0
부산,부산영도구,100세 이상,0
부산,부산중구,0~9세,0
부산,부산중구,10~19세,0
부산,부산중구,20~29세,0
부산,부산중구,30~39세,0
부산,부산중구,40~49세,0
부산,부산중구,50~59세,0
부산,부산중구,60~69세,0
부산,부산중구,70~79세,0
부산,부산중구,80~89세,0
부산,부산중구,90~99세,0
부산,부산중구,100세 이상,0
부산,부산중구,0~9세,0
부산,부산중구,10~19세,0
부산,부산중구,20~29세,0
부산,부산중구,30~39세,0
부산,부산중구,40~49세,0
부산,부산중구,50~59세,0
부산,부산중구,60~69세,0
부산,부산중구,70~79세,0
부산,부산중구,80~89세,0
부산,부산중구,90~99세,0
부산,부산중구,100세 이상,0
부산,부산해운대구,0~9세,0
부산,부산해운대구,10~19세,0
부산,부산해운대구,20~29세,0
부산,부산해운대구,30~39세,0
부산,부산해운대구,40~49세,0
부산,부산해운대구,50~59세,0
부산,부산해운대구,60~69세,0
부산,부산해운대구,70~79세,0
부산,부산해운대구,80~89세,0
부산,부산해운대구,90~99세,0
부산,부산해운대구,100세 이상,0
부산,부산해운대구,0~9세,0
부산,부산해운대구,10~19세,0
부산,부산해운대구,20~29세,21
부산,부산해운대구,30~39세,53
부산,부산해운대구,40~49세,77
부산,부산해운대구,50~59세,28
부산,부산해운대구,60~69세,10
부산,부산해운대구,70~79세,0
부산,부산해운대구,80~89세,0
부산,부산해운대구,90~99세,0
부산,부산해운대구,100세 이상,0
부산,부산사하구,0~9세,0
부산,부산사하구,10~19세,0
부산,부산사하구,20~29세,0
부산,부산사하구,30~39세,0
부산,부산사하구,40~49세,0
부산,부산사하구,50~59세,0
부산,부산사하구,60~69세,0
부산,부산사하구,70~79세,0
부산,부산사하구,80~89세,0
부산,부산사하구,90~99세,0
부산,부산사하구,100세 이상,0
부산,부산사하구,0~9세,0
부산,부산사하구,10~19세,0
부산,부산사하구,20~29세,0
부산,부산사하구,30~39세,0
부산,부산사하구,40~49세,12
부산,부산사하구,50~59세,11
부산,부산사하구,60~69세,0
부산,부산사하구,70~79세,0
부산,부산사하구,80~89세,0
부산,부산사하구,90~99세,0
부산,부산사하구,100세 이상,0
부산,부산금정구,0~9세,0
부산,부산금정구,10~19세,0
부산,부산금정구,20~29세,0
부산,부산금정구,30~39세,0
부산,부산금정구,40~49세,0
부산,부산금정구,50~59세,0
부산,부산금정구,60~69세,0
부산,부산금정구,70~79세,0
부산,부산금정구,80~89세,0
부산,부산금정구,90~99세,0
부산,부산금정구,100세 이상,0
부산,부산금정구,0~9세,0
부산,부산금정구,10~19세,0
부산,부산금정구,20~29세,0
부산,부산금정구,30~39세,0
부산,부산금정구,40~49세,0
부산,부산금정구,50~59세,12
부산,부산금정구,60~69세,0
부산,부산금정구,70~79세,0
부산,부산금정구,80~89세,0
부산,부산금정구,90~99세,0
부산,부산금정구,100세 이상,0
부산,부산강서구,0~9세,0
부산,부산강서구,10~19세,0
부산,부산강서구,20~29세,0
부산,부산강서구,30~39세,0
부산,부산강서구,40~49세,0
부산,부산강서구,50~59세,0
부산,부산강서구,60~69세,0
부산,부산강서구,70~79세,0
부산,부산강서구,80~89세,0
부산,부산강서구,90~99세,0
부산,부산강서구,100세 이상,0
부산,부산강서구,0~9세,0
부산,부산강서구,10~19세,0
부산,부산강서구,20~29세,0
부산,부산강서구,30~39세,0
부산,부산강서구,40~49세,0
부산,부산강서구,50~59세,0
부산,부산강서구,60~69세,0
부산,부산강서구,70~79세,0
부산,부산강서구,80~89세,0
부산,부산강서구,90~99세,0
부산,부산강서구,100세 이상,0
부산,부산연제구,0~9세,0
부산,부산연제구,10~19세,0
부산,부산연제구,20~29세,0
부산,부산연제구,30~39세,0
부산,부산연제구,40~49세,0
부산,부산연제구,50~59세,0
부산,부산연제구,60~69세,0
부산,부산연제구,70~79세,0
부산,부산연제구,80~89세,0
부산,부산연제구,90~99세,0
부산,부산연제구,100세 이상,0
부산,부산연제구,0~9세,0
부산,부산연제구,10~19세,0
부산,부산연제구,20~29세,10
부산,부산연제구,30~39세,21
부산,부산연제구,40~49세,36
부산,부산연제구,50~59세,17
부산,부산연제구,60~69세,0
부산,부산연제구,70~79세,0
부산,부산연제구,80~89세,0
부산,부산연제구,90~99세,0
부산,부산연제구,100세 이상,0
부산,부산수영구,0~9세,0
부산,부산수영구,10~19세,0
부산,부산수영구,20~29세,0
부산,부산수영구,30~39세,0
부산,부산수영구,40~49세,0
부산,부산수영구,50~59세,0
부산,부산수영구,60~69세,0
부산,부산수영구,70~79세,0
부산,부산수영구,80~89세,0
부산,부산수영구,90~99세,0
부산,부산수영구,100세 이상,0
부산,부산수영구,0~9세,0
부산,부산수영구,10~19세,0
부산,부산수영구,20~29세,0
부산,부산수영구,30~39세,12
부산,부산수영구,40~49세,12
부산,부산수영구,50~59세,0
부산,부산수영구,60~69세,0
부산,부산수영구,70~79세,0
부산,부산수영구,80~89세,0
부산,부산수영구,90~99세,0
부산,부산수영구,100세 이상,0
부산,부산사상구,0~9세,0
부산,부산사상구,10~19세,0
부산,부산사상구,20~29세,0
부산,부산사상구,30~39세,0
부산,부산사상구,40~49세,0
부산,부산사상구,50~59세,0
부산,부산사상구,60~69세,0
부산,부산사상구,70~79세,0
부산,부산사상구,80~89세,0
부산,부산사상구,90~99세,0
부산,부산사상구,100세 이상,0
부산,부산사상구,0~9세,0
부산,부산사상구,10~19세,0
부산,부산사상구,20~29세,0
부산,부산사상구,30~39세,0
부산,부산사상구,40~49세,0
부산,부산사상구,50~59세,0
부산,부산사상구,60~69세,0
부산,부산사상구,70~79세,0
부산,부산사상구,80~89세,0
부산,부산사상구,90~99세,0
부산,부산사상구,100세 이상,0
부산,부산기장군,0~9세,0
부산,부산기장군,10~19세,0
부산,부산기장군,20~29세,0
부산,부산기장군,30~39세,0
부산,부산기장군,40~49세,0
부산,부산기장군,50~59세,0
부산,부산기장군,60~69세,0
부산,부산기장군,70~79세,0
부산,부산기장군,80~89세,0
부산,부산기장군,90~99세,0
부산,부산기장군,100세 이상,0
부산,부산기장군,0~9세,0
부산,부산기장군,10~19세,0
부산,부산기장군,20~29세,0
부산,부산기장군,30~39세,0
부산,부산기장군,40~49세,17
부산,부산기장군,50~59세,0
부산,부산기장군,60~69세,0
부산,부산기장군,70~79세,0
부산,부산기장군,80~89세,0
부산,부산기장군,90~99세,0
부산,부산기장군,100세 이상,0
인천,인천미추홀구,0~9세,0
인천,인천미추홀구,10~19세,0
인천,인천미추홀구,20~29세,0
인천,인천미추홀구,30~39세,0
인천,인천미추홀구,40~49세,0
인천,인천미추홀구,50~59세,0
인천,인천미추홀구,60~69세,0
인천,인천미추홀구,70~79세,0
인천,인천미추홀구,80~89세,0
인천,인천미추홀구,90~99세,0
인천,인천미추홀구,100세 이상,0
인천,인천미추홀구,0~9세,0
인천,인천미추홀구,10~19세,0
인천,인천미추홀구,20~29세,0
인천,인천미추홀구,30~39세,23
인천,인천미추홀구,40~49세,22
인천,인천미추홀구,50~59세,27
인천,인천미추홀구,60~69세,0
인천,인천미추홀구,70~79세,0
인천,인천미추홀구,80~89세,0
인천,인천미추홀구,90~99세,0
인천,인천미추홀구,100세 이상,0
인천,인천동구,0~9세,0
인천,인천동구,10~19세,0
인천,인천동구,20~29세,0
인천,인천동구,30~39세,0
인천,인천동구,40~49세,0
인천,인천동구,50~59세,0
인천,인천동구,60~69세,0
인천,인천동구,70~79세,0
인천,인천동구,80~89세,0
인천,인천동구,90~99세,0
인천,인천동구,100세 이상,0
인천,인천동구,0~9세,0
인천,인천동구,10~19세,0
인천,인천동구,20~29세,0
인천,인천동구,30~39세,0
인천,인천동구,40~49세,10
인천,인천동구,50~59세,10
인천,인천동구,60~69세,0
인천,인천동구,70~79세,0
인천,인천동구,80~89세,0
인천,인천동구,90~99세,0
인천,인천동구,100세 이상,0
인천,인천부평구,0~9세,0
인천,인천부평구,10~19세,20
인천,인천부평구,20~29세,0
인천,인천부평구,30~39세,12
인천,인천부평구,40~49세,18
인천,인천부평구,50~59세,12
인천,인천부평구,60~69세,12
인천,인천부평구,70~79세,0
인천,인천부평구,80~89세,0
인천,인천부평구,90~99세,0
인천,인천부평구,100세 이상,0
인천,인천부평구,0~9세,0
인천,인천부평구,10~19세,0
인천,인천부평구,20~29세,15
인천,인천부평구,30~39세,32
인천,인천부평구,40~49세,37
인천,인천부평구,50~59세,35
인천,인천부평구,60~69세,13
인천,인천부평구,70~79세,0
인천,인천부평구,80~89세,0
인천,인천부평구,90~99세,0
인천,인천부평구,100세 이상,0
인천,인천중구,0~9세,0
인천,인천중구,10~19세,0
인천,인천중구,20~29세,0
인천,인천중구,30~39세,0
인천,인천중구,40~49세,0
인천,인천중구,50~59세,0
인천,인천중구,60~69세,0
인천,인천중구,70~79세,0
인천,인천중구,80~89세,0
인천,인천중구,90~99세,0
인천,인천중구,100세 이상,0
인천,인천중구,0~9세,0
인천,인천중구,10~19세,0
인천,인천중구,20~29세,0
인천,인천중구,30~39세,0
인천,인천중구,40~49세,11
인천,인천중구,50~59세,0
인천,인천중구,60~69세,0
인천,인천중구,70~79세,0
인천,인천중구,80~89세,0
인천,인천중구,90~99세,0
인천,인천중구,100세 이상,0
인천,인천서구,0~9세,13
인천,인천서구,10~19세,28
인천,인천서구,20~29세,0
인천,인천서구,30~39세,0
인천,인천서구,40~49세,0
인천,인천서구,50~59세,0
인천,인천서구,60~69세,0
인천,인천서구,70~79세,0
인천,인천서구,80~89세,0
인천,인천서구,90~99세,0
인천,인천서구,100세 이상,0
인천,인천서구,0~9세,0
인천,인천서구,10~19세,12
인천,인천서구,20~29세,0
인천,인천서구,30~39세,20
인천,인천서구,40~49세,27
인천,인천서구,50~59세,16
인천,인천서구,60~69세,0
인천,인천서구,70~79세,0
인천,인천서구,80~89세,0
인천,인천서구,90~99세,0
인천,인천서구,100세 이상,0
인천,인천남동구,0~9세,0
인천,인천남동구,10~19세,0
인천,인천남동구,20~29세,0
인천,인천남동구,30~39세,38
인천,인천남동구,40~49세,0
인천,인천남동구,50~59세,0
인천,인천남동구,60~69세,0
인천,인천남동구,70~79세,0
인천,인천남동구,80~89세,0
인천,인천남동구,90~99세,0
인천,인천남동구,100세 이상,0
인천,인천남동구,0~9세,0
인천,인천남동구,10~19세,0
인천,인천남동구,20~29세,35
인천,인천남동구,30~39세,104
인천,인천남동구,40~49세,87
인천,인천남동구,50~59세,48
인천,인천남동구,60~69세,15
인천,인천남동구,70~79세,0
인천,인천남동구,80~89세,0
인천,인천남동구,90~99세,0
인천,인천남동구,100세 이상,0
인천,인천연수구,0~9세,11
인천,인천연수구,10~19세,69
인천,인천연수구,20~29세,0
인천,인천연수구,30~39세,0
인천,인천연수구,40~49세,10
인천,인천연수구,50~59세,0
인천,인천연수구,60~69세,0
인천,인천연수구,70~79세,0
인천,인천연수구,80~89세,0
인천,인천연수구,90~99세,0
인천,인천연수구,100세 이상,0
인천,인천연수구,0~9세,0
인천,인천연수구,10~19세,30
인천,인천연수구,20~29세,11
인천,인천연수구,30~39세,14
인천,인천연수구,40~49세,39
인천,인천연수구,50~59세,0
인천,인천연수구,60~69세,0
인천,인천연수구,70~79세,0
인천,인천연수구,80~89세,0
인천,인천연수구,90~99세,0
인천,인천연수구,100세 이상,0
인천,인천계양구,0~9세,0
인천,인천계양구,10~19세,0
인천,인천계양구,20~29세,15
인천,인천계양구,30~39세,15
인천,인천계양구,40~49세,0
인천,인천계양구,50~59세,0
인천,인천계양구,60~69세,0
인천,인천계양구,70~79세,0
인천,인천계양구,80~89세,0
인천,인천계양구,90~99세,0
인천,인천계양구,100세 이상,0
인천,인천계양구,0~9세,0
인천,인천계양구,10~19세,0
인천,인천계양구,20~29세,20
인천,인천계양구,30~39세,46
인천,인천계양구,40~49세,49
인천,인천계양구,50~59세,26
인천,인천계양구,60~69세,0
인천,인천계양구,70~79세,0
인천,인천계양구,80~89세,0
인천,인천계양구,90~99세,0
인천,인천계양구,100세 이상,0
인천,인천강화군,0~9세,0
인천,인천강화군,10~19세,0
인천,인천강화군,20~29세,0
인천,인천강화군,30~39세,0
인천,인천강화군,40~49세,0
인천,인천강화군,50~59세,0
인천,인천강화군,60~69세,0
인천,인천강화군,70~79세,0
인천,인천강화군,80~89세,0
인천,인천강화군,90~99세,0
인천,인천강화군,100세 이상,0
인천,인천강화군,0~9세,0
인천,인천강화군,10~19세,0
인천,인천강화군,20~29세,0
인천,인천강화군,30~39세,0
인천,인천강화군,40~49세,0
인천,인천강화군,50~59세,0
인천,인천강화군,60~69세,0
인천,인천강화군,70~79세,0
인천,인천강화군,80~89세,0
인천,인천강화군,90~99세,0
인천,인천강화군,100세 이상,0
인천,인천옹진군,0~9세,0
인천,인천옹진군,10~19세,0
인천,인천옹진군,20~29세,0
인천,인천옹진군,30~39세,0
인천,인천옹진군,40~49세,0
인천,인천옹진군,50~59세,0
인천,인천옹진군,60~69세,0
인천,인천옹진군,70~79세,0
인천,인천옹진군,80~89세,0
인천,인천옹진군,90~99세,0
인천,인천옹진군,100세 이상,0
인천,인천옹진군,0~9세,0
인천,인천옹진군,10~19세,0
인천,인천옹진군,20~29세,0
인천,인천옹진군,30~39세,0
인천,인천옹진군,40~49세,0
인천,인천옹진군,50~59세,0
인천,인천옹진군,60~69세,0
인천,인천옹진군,70~79세,0
인천,인천옹진군,80~89세,0
인천,인천옹진군,90~99세,0
인천,인천옹진군,100세 이상,0
대구,대구남구,0~9세,0
대구,대구남구,10~19세,0
대구,대구남구,20~29세,0
대구,대구남구,30~39세,0
대구,대구남구,40~49세,0
대구,대구남구,50~59세,0
대구,대구남구,60~69세,0
대구,대구남구,70~79세,0
대구,대구남구,80~89세,0
대구,대구남구,90~99세,0
대구,대구남구,100세 이상,0
대구,대구남구,0~9세,0
대구,대구남구,10~19세,0
대구,대구남구,20~29세,0
대구,대구남구,30~39세,0
대구,대구남구,40~49세,11
대구,대구남구,50~59세,0
대구,대구남구,60~69세,0
대구,대구남구,70~79세,0
대구,대구남구,80~89세,0
대구,대구남구,90~99세,0
대구,대구남구,100세 이상,0
대구,대구동구,0~9세,0
대구,대구동구,10~19세,0
대구,대구동구,20~29세,0
대구,대구동구,30~39세,0
대구,대구동구,40~49세,0
대구,대구동구,50~59세,0
대구,대구동구,60~69세,0
대구,대구동구,70~79세,0
대구,대구동구,80~89세,0
대구,대구동구,90~99세,0
대구,대구동구,100세 이상,0
대구,대구동구,0~9세,0
대구,대구동구,10~19세,0
대구,대구동구,20~29세,0
대구,대구동구,30~39세,0
대구,대구동구,40~49세,20
대구,대구동구,50~59세,15
대구,대구동구,60~69세,0
대구,대구동구,70~79세,0
대구,대구동구,80~89세,0
대구,대구동구,90~99세,0
대구,대구동구,100세 이상,0
대구,대구북구,0~9세,0
대구,대구북구,10~19세,0
대구,대구북구,20~29세,0
대구,대구북구,30~39세,18
대구,대구북구,40~49세,11
대구,대구북구,50~59세,0
대구,대구북구,60~69세,0
대구,대구북구,70~79세,0
대구,대구북구,80~89세,0
대구,대구북구,90~99세,0
대구,대구북구,100세 이상,0
대구,대구북구,0~9세,0
대구,대구북구,10~19세,0
대구,대구북구,20~29세,0
대구,대구북구,30~39세,13
대구,대구북구,40~49세,21
대구,대구북구,50~59세,19
대구,대구북구,60~69세,0
대구,대구북구,70~79세,0
대구,대구북구,80~89세,0
대구,대구북구,90~99세,0
대구,대구북구,100세 이상,0
대구,대구서구,0~9세,0
대구,대구서구,10~19세,0
대구,대구서구,20~29세,0
대구,대구서구,30~39세,0
대구,대구서구,40~49세,0
대구,대구서구,50~59세,0
대구,대구서구,60~69세,0
대구,대구서구,70~79세,0
대구,대구서구,80~89세,0
대구,대구서구,90~99세,0
대구,대구서구,100세 이상,0
대구,대구서구,0~9세,0
대구,대구서구,10~19세,0
대구,대구서구,20~29세,0
대구,대구서구,30~39세,0
대구,대구서구,40~49세,0
대구,대구서구,50~59세,0
대구,대구서구,60~69세,0
대구,대구서구,70~79세,0
대구,대구서구,80~89세,0
대구,대구서구,90~99세,0
대구,대구서구,100세 이상,0
대구,대구수성구,0~9세,11
대구,대구수성구,10~19세,12
대구,대구수성구,20~29세,0
대구,대구수성구,30~39세,0
대구,대구수성구,40~49세,0
대구,대구수성구,50~59세,0
대구,대구수성구,60~69세,0
대구,대구수성구,70~79세,0
대구,대구수성구,80~89세,0
대구,대구수성구,90~99세,0
대구,대구수성구,100세 이상,0
대구,대구수성구,0~9세,0
대구,대구수성구,10~19세,0
대구,대구수성구,20~29세,10
대구,대구수성구,30~39세,13
대구,대구수성구,40~49세,30
대구,대구수성구,50~59세,18
대구,대구수성구,60~69세,0
대구,대구수성구,70~79세,0
대구,대구수성구,80~89세,0
대구,대구수성구,90~99세,0
대구,대구수성구,100세 이상,0
대구,대구중구,0~9세,0
대구,대구중구,10~19세,0
대구,대구중구,20~29세,0
대구,대구중구,30~39세,0
대구,대구중구,40~49세,0
대구,대구중구,50~59세,0
대구,대구중구,60~69세,0
대구,대구중구,70~79세,0
대구,대구중구,80~89세,0
대구,대구중구,90~99세,0
대구,대구중구,100세 이상,0
대구,대구중구,0~9세,0
대구,대구중구,10~19세,0
대구,대구중구,20~29세,0
대구,대구중구,30~39세,0
대구,대구중구,40~49세,0
대구,대구중구,50~59세,0
대구,대구중구,60~69세,0
대구,대구중구,70~79세,0
대구,대구중구,80~89세,0
대구,대구중구,90~99세,0
대구,대구중구,100세 이상,0
대구,대구달서구,0~9세,0
대구,대구달서구,10~19세,10
대구,대구달서구,20~29세,24
대구,대구달서구,30~39세,39
대구,대구달서구,40~49세,22
대구,대구달서구,50~59세,10
대구,대구달서구,60~69세,0
대구,대구달서구,70~79세,0
대구,대구달서구,80~89세,0
대구,대구달서구,90~99세,0
대구,대구달서구,100세 이상,0
대구,대구달서구,0~9세,0
대구,대구달서구,10~19세,0
대구,대구달서구,20~29세,43
대구,대구달서구,30~39세,64
대구,대구달서구,40~49세,68
대구,대구달서구,50~59세,37
대구,대구달서구,60~69세,14
대구,대구달서구,70~79세,0
대구,대구달서구,80~89세,0
대구,대구달서구,90~99세,0
대구,대구달서구,100세 이상,0
대구,대구달성군,0~9세,0
대구,대구달성군,10~19세,0
대구,대구달성군,20~29세,0
대구,대구달성군,30~39세,0
대구,대구달성군,40~49세,0
대구,대구달성군,50~59세,0
대구,대구달성군,60~69세,0
대구,대구달성군,70~79세,0
대구,대구달성군,80~89세,0
대구,대구달성군,90~99세,0
대구,대구달성군,100세 이상,0
대구,대구달성군,0~9세,0
대구,대구달성군,10~19세,0
대구,대구달성군,20~29세,0
대구,대구달성군,30~39세,0
대구,대구달성군,40~49세,0
대구,대구달성군,50~59세,0
대구,대구달성군,60~69세,0
대구,대구달성군,70~79세,0
대구,대구달성군,80~89세,0
대구,대구달성군,90~99세,0
대구,대구달성군,100세 이상,0
대구,대구군위군,0~9세,0
대구,대구군위군,10~19세,0
대구,대구군위군,20~29세,0
대구,대구군위군,30~39세,0
대구,대구군위군,40~49세,0
대구,대구군위군,50~59세,0
대구,대구군위군,60~69세,0
대구,대구군위군,70~79세,0
대구,대구군위군,80~89세,0
대구,대구군위군,90~99세,0
대구,대구군위군,100세 이상,0
대구,대구군위군,0~9세,0
대구,대구군위군,10~19세,0
대구,대구군위군,20~29세,0
대구,대구군위군,30~39세,0
대구,대구군위군,40~49세,0
대구,대구군위군,50~59세,0
대구,대구군위군,60~69세,0
대구,대구군위군,70~79세,0
대구,대구군위군,80~89세,0
대구,대구군위군,90~99세,0
대구,대구군위군,100세 이상,0
광주,광주동구,0~9세,0
광주,광주동구,10~19세,0
광주,광주동구,20~29세,0
광주,광주동구,30~39세,0
광주,광주동구,40~49세,0
광주,광주동구,50~59세,0
광주,광주동구,60~69세,0
광주,광주동구,70~79세,0
광주,광주동구,80~89세,0
광주,광주동구,90~99세,0
광주,광주동구,100세 이상,0
광주,광주동구,0~9세,0
광주,광주동구,10~19세,0
광주,광주동구,20~29세,10
광주,광주동구,30~39세,20
광주,광주동구,40~49세,16
광주,광주동구,50~59세,0
광주,광주동구,60~69세,0
광주,광주동구,70~79세,0
광주,광주동구,80~89세,0
광주,광주동구,90~99세,0
광주,광주동구,100세 이상,0
광주,광주북구,0~9세,0
광주,광주북구,10~19세,11
광주,광주북구,20~29세,0
광주,광주북구,30~39세,0
광주,광주북구,40~49세,0
광주,광주북구,50~59세,0
광주,광주북구,60~69세,0
광주,광주북구,70~79세,0
광주,광주북구,80~89세,0
광주,광주북구,90~99세,0
광주,광주북구,100세 이상,0
광주,광주북구,0~9세,0
광주,광주북구,10~19세,0
광주,광주북구,20~29세,23
광주,광주북구,30~39세,26
광주,광주북구,40~49세,26
광주,광주북구,50~59세,18
광주,광주북구,60~69세,0
광주,광주북구,70~79세,0
광주,광주북구,80~89세,0
광주,광주북구,90~99세,0
광주,광주북구,100세 이상,0
광주,광주서구,0~9세,0
광주,광주서구,10~19세,23
광주,광주서구,20~29세,0
광주,광주서구,30~39세,0
광주,광주서구,40~49세,0
광주,광주서구,50~59세,0
광주,광주서구,60~69세,0
광주,광주서구,70~79세,0
광주,광주서구,80~89세,0
광주,광주서구,90~99세,0
광주,광주서구,100세 이상,0
광주,광주서구,0~9세,0
광주,광주서구,10~19세,11
광주,광주서구,20~29세,19
광주,광주서구,30~39세,31
광주,광주서구,40~49세,41
광주,광주서구,50~59세,30
광주,광주서구,60~69세,0
광주,광주서구,70~79세,0
광주,광주서구,80~89세,0
광주,광주서구,90~99세,0
광주,광주서구,100세 이상,0
광주,광주광산구,0~9세,0
광주,광주광산구,10~19세,10
광주,광주광산구,20~29세,0
광주,광주광산구,30~39세,11
광주,광주광산구,40~49세,0
광주,광주광산구,50~59세,0
광주,광주광산구,60~69세,0
광주,광주광산구,70~79세,0
광주,광주광산구,80~89세,0
광주,광주광산구,90~99세,0
광주,광주광산구,100세 이상,0
광주,광주광산구,0~9세,0
광주,광주광산구,10~19세,0
광주,광주광산구,20~29세,17
광주,광주광산구,30~39세,23
광주,광주광산구,40~49세,32
광주,광주광산구,50~59세,21
광주,광주광산구,60~69세,0
광주,광주광산구,70~79세,0
광주,광주광산구,80~89세,0
광주,광주광산구,90~99세,0
광주,광주광산구,100세 이상,0
광주,광주남구,0~9세,0
광주,광주남구,10~19세,11
광주,광주남구,20~29세,0
광주,광주남구,30~39세,0
광주,광주남구,40~49세,0
광주,광주남구,50~59세,0
광주,광주남구,60~69세,0
광주,광주남구,70~79세,0
광주,광주남구,80~89세,0
광주,광주남구,90~99세,0
광주,광주남구,100세 이상,0
광주,광주남구,0~9세,0
광주,광주남구,10~19세,0
광주,광주남구,20~29세,0
광주,광주남구,30~39세,0
광주,광주남구,40~49세,14
광주,광주남구,50~59세,10
광주,광주남구,60~69세,0
광주,광주남구,70~79세,0
광주,광주남구,80~89세,0
광주,광주남구,90~99세,0
광주,광주남구,100세 이상,0
대전,대전유성구,0~9세,0
대전,대전유성구,10~19세,10
대전,대전유성구,20~29세,0
대전,대전유성구,30~39세,0
대전,대전유성구,40~49세,0
대전,대전유성구,50~59세,0
대전,대전유성구,60~69세,0
대전,대전유성구,70~79세,0
대전,대전유성구,80~89세,0
대전,대전유성구,90~99세,0
대전,대전유성구,100세 이상,0
대전,대전유성구,0~9세,0
대전,대전유성구,10~19세,0
대전,대전유성구,20~29세,0
대전,대전유성구,30~39세,25
대전,대전유성구,40~49세,28
대전,대전유성구,50~59세,24
대전,대전유성구,60~69세,11
대전,대전유성구,70~79세,0
대전,대전유성구,80~89세,0
대전,대전유성구,90~99세,0
대전,대전유성구,100세 이상,0
대전,대전대덕구,0~9세,0
대전,대전대덕구,10~19세,0
대전,대전대덕구,20~29세,0
대전,대전대덕구,30~39세,0
대전,대전대덕구,40~49세,0
대전,대전대덕구,50~59세,0
대전,대전대덕구,60~69세,0
대전,대전대덕구,70~79세,0
대전,대전대덕구,80~89세,0
대전,대전대덕구,90~99세,0
대전,대전대덕구,100세 이상,0
대전,대전대덕구,0~9세,0
대전,대전대덕구,10~19세,0
대전,대전대덕구,20~29세,0
대전,대전대덕구,30~39세,0
대전,대전대덕구,40~49세,10
대전,대전대덕구,50~59세,14
대전,대전대덕구,60~69세,0
대전,대전대덕구,70~79세,0
대전,대전대덕구,80~89세,0
대전,대전대덕구,90~99세,0
대전,대전대덕구,100세 이상,0
대전,대전서구,0~9세,33
대전,대전서구,10~19세,86
대전,대전서구,20~29세,17
대전,대전서구,30~39세,16
대전,대전서구,40~49세,11
대전,대전서구,50~59세,0
대전,대전서구,60~69세,0
대전,대전서구,70~79세,0
대전,대전서구,80~89세,0
대전,대전서구,90~99세,0
대전,대전서구,100세 이상,0
대전,대전서구,0~9세,28
대전,대전서구,10~19세,35
대전,대전서구,20~29세,40
대전,대전서구,30~39세,33
대전,대전서구,40~49세,51
대전,대전서구,50~59세,46
대전,대전서구,60~69세,14
대전,대전서구,70~79세,0
대전,대전서구,80~89세,0
대전,대전서구,90~99세,0
대전,대전서구,100세 이상,0
대전,대전동구,0~9세,0
대전,대전동구,10~19세,0
대전,대전동구,20~29세,0
대전,대전동구,30~39세,0
대전,대전동구,40~49세,0
대전,대전동구,50~59세,0
대전,대전동구,60~69세,0
대전,대전동구,70~79세,0
대전,대전동구,80~89세,0
대전,대전동구,90~99세,0
대전,대전동구,100세 이상,0
대전,대전동구,0~9세,0
대전,대전동구,10~19세,0
대전,대전동구,20~29세,0
대전,대전동구,30~39세,0
대전,대전동구,40~49세,0
대전,대전동구,50~59세,0
대전,대전동구,60~69세,0
대전,대전동구,70~79세,0
대전,대전동구,80~89세,0
대전,대전동구,90~99세,0
대전,대전동구,100세 이상,0
대전,대전중구,0~9세,0
대전,대전중구,10~19세,0
대전,대전중구,20~29세,0
대전,대전중구,30~39세,14
대전,대전중구,40~49세,0
대전,대전중구,50~59세,0
대전,대전중구,60~69세,0
대전,대전중구,70~79세,0
대전,대전중구,80~89세,0
대전,대전중구,90~99세,0
대전,대전중구,100세 이상,0
대전,대전중구,0~9세,0
대전,대전중구,10~19세,0
대전,대전중구,20~29세,20
대전,대전중구,30~39세,22
대전,대전중구,40~49세,35
대전,대전중구,50~59세,16
대전,대전중구,60~69세,11
대전,대전중구,70~79세,0
대전,대전중구,80~89세,0
대전,대전중구,90~99세,0
대전,대전중구,100세 이상,0
울산,울산남구,0~9세,0
울산,울산남구,10~19세,0
울산,울산남구,20~29세,0
울산,울산남구,30~39세,0
울산,울산남구,40~49세,0
울산,울산남구,50~59세,0
울산,울산남구,60~69세,0
울산,울산남구,70~79세,0
울산,울산남구,80~89세,0
울산,울산남구,90~99세,0
울산,울산남구,100세 이상,0
울산,울산남구,0~9세,0
울산,울산남구,10~19세,0
울산,울산남구,20~29세,0
울산,울산남구,30~39세,23
울산,울산남구,40~49세,12
울산,울산남구,50~59세,0
울산,울산남구,60~69세,0
울산,울산남구,70~79세,0
울산,울산남구,80~89세,0
울산,울산남구,90~99세,0
울산,울산남구,100세 이상,0
울산,울산동구,0~9세,0
울산,울산동구,10~19세,0
울산,울산동구,20~29세,0
울산,울산동구,30~39세,19
울산,울산동구,40~49세,29
울산,울산동구,50~59세,20
울산,울산동구,60~69세,0
울산,울산동구,70~79세,0
울산,울산동구,80~89세,0
울산,울산동구,90~99세,0
울산,울산동구,100세 이상,0
울산,울산동구,0~9세,0
울산,울산동구,10~19세,0
울산,울산동구,20~29세,0
울산,울산동구,30~39세,0
울산,울산동구,40~49세,24
울산,울산동구,50~59세,46
울산,울산동구,60~69세,49
울산,울산동구,70~79세,10
울산,울산동구,80~89세,0
울산,울산동구,90~99세,0
울산,울산동구,100세 이상,0
울산,울산중구,0~9세,0
울산,울산중구,10~19세,0
울산,울산중구,20~29세,0
울산,울산중구,30~39세,0
울산,울산중구,40~49세,0
울산,울산중구,50~59세,0
울산,울산중구,60~69세,0
울산,울산중구,70~79세,0
울산,울산중구,80~89세,0
울산,울산중구,90~99세,0
울산,울산중구,100세 이상,0
울산,울산중구,0~9세,0
울산,울산중구,10~19세,0
울산,울산중구,20~29세,0
울산,울산중구,30~39세,0
울산,울산중구,40~49세,0
울산,울산중구,50~59세,0
울산,울산중구,60~69세,0
울산,울산중구,70~79세,0
울산,울산중구,80~89세,0
울산,울산중구,90~99세,0
울산,울산중구,100세 이상,0
울산,울산북구,0~9세,0
울산,울산북구,10~19세,0
울산,울산북구,20~29세,0
울산,울산북구,30~39세,0
울산,울산북구,40~49세,0
울산,울산북구,50~59세,0
울산,울산북구,60~69세,0
울산,울산북구,70~79세,0
울산,울산북구,80~89세,0
울산,울산북구,90~99세,0
울산,울산북구,100세 이상,0
울산,울산북구,0~9세,0
울산,울산북구,10~19세,0
울산,울산북구,20~29세,0
울산,울산북구,30~39세,0
울산,울산북구,40~49세,0
울산,울산북구,50~59세,0
울산,울산북구,60~69세,0
울산,울산북구,70~79세,0
울산,울산북구,80~89세,0
울산,울산북구,90~99세,0
울산,울산북구,100세 이상,0
울산,울산울주군,0~9세,0
울산,울산울주군,10~19세,0
울산,울산울주군,20~29세,0
울산,울산울주군,30~39세,0
울산,울산울주군,40~49세,0
울산,울산울주군,50~59세,0
울산,울산울주군,60~69세,0
울산,울산울주군,70~79세,0
울산,울산울주군,80~89세,0
울산,울산울주군,90~99세,0
울산,울산울주군,100세 이상,0
울산,울산울주군,0~9세,0
울산,울산울주군,10~19세,0
울산,울산울주군,20~29세,0
울산,울산울주군,30~39세,0
울산,울산울주군,40~49세,0
울산,울산울주군,50~59세,0
울산,울산울주군,60~69세,0
울산,울산울주군,70~79세,0
울산,울산울주군,80~89세,0
울산,울산울주군,90~99세,0
울산,울산울주군,100세 이상,0
경기,가평군,0~9세,0
경기,가평군,10~19세,0
경기,가평군,20~29세,0
경기,가평군,30~39세,0
경기,가평군,40~49세,0
경기,가평군,50~59세,0
경기,가평군,60~69세,0
경기,가평군,70~79세,0
경기,가평군,80~89세,0
경기,가평군,90~99세,0
경기,가평군,100세 이상,0
경기,가평군,0~9세,0
경기,가평군,10~19세,0
경기,가평군,20~29세,0
경기,가평군,30~39세,0
경기,가평군,40~49세,0
경기,가평군,50~59세,0
경기,가평군,60~69세,0
경기,가평군,70~79세,0
경기,가평군,80~89세,0
경기,가평군,90~99세,0
경기,가평군,100세 이상,0
경기,양평군,0~9세,0
경기,양평군,10~19세,0
경기,양평군,20~29세,0
경기,양평군,30~39세,0
경기,양평군,40~49세,0
경기,양평군,50~59세,0
경기,양평군,60~69세,0
경기,양평군,70~79세,0
경기,양평군,80~89세,0
경기,양평군,90~99세,0
경기,양평군,100세 이상,0
경기,양평군,0~9세,0
경기,양평군,10~19세,0
경기,양평군,20~29세,0
경기,양평군,30~39세,0
경기,양평군,40~49세,0
경기,양평군,50~59세,0
경기,양평군,60~69세,0
경기,양평군,70~79세,0
경기,양평군,80~89세,0
경기,양평군,90~99세,0
경기,양평군,100세 이상,0
경기,연천군,0~9세,0
경기,연천군,10~19세,0
경기,연천군,20~29세,0
경기,연천군,30~39세,0
경기,연천군,40~49세,0
경기,연천군,50~59세,0
경기,연천군,60~69세,0
경기,연천군,70~79세,0
경기,연천군,80~89세,0
경기,연천군,90~99세,0
경기,연천군,100세 이상,0
경기,연천군,0~9세,0
경기,연천군,10~19세,0
경기,연천군,20~29세,0
경기,연천군,30~39세,0
경기,연천군,40~49세,0
경기,연천군,50~59세,0
경기,연천군,60~69세,0
경기,연천군,70~79세,0
경기,연천군,80~89세,0
경기,연천군,90~99세,0
경기,연천군,100세 이상,0
경기,광명시,0~9세,10
경기,광명시,10~19세,0
경기,광명시,20~29세,0
경기,광명시,30~39세,0
경기,광명시,40~49세,0
경기,광명시,50~59세,0
경기,광명시,60~69세,0
경기,광명시,70~79세,0
경기,광명시,80~89세,0
경기,광명시,90~99세,0
경기,광명시,100세 이상,0
경기,광명시,0~9세,17
경기,광명시,10~19세,0
경기,광명시,20~29세,0
경기,광명시,30~39세,15
경기,광명시,40~49세,10
경기,광명시,50~59세,11
경기,광명시,60~69세,0
경기,광명시,70~79세,0
경기,광명시,80~89세,0
경기,광명시,90~99세,0
경기,광명시,100세 이상,0
경기,동두천시,0~9세,0
경기,동두천시,10~19세,0
경기,동두천시,20~29세,0
경기,동두천시,30~39세,0
경기,동두천시,40~49세,0
경기,동두천시,50~59세,0
경기,동두천시,60~69세,0
경기,동두천시,70~79세,0
경기,동두천시,80~89세,0
경기,동두천시,90~99세,0
경기,동두천시,100세 이상,0
경기,동두천시,0~9세,0
경기,동두천시,10~19세,0
경기,동두천시,20~29세,0
경기,동두천시,30~39세,0
경기,동두천시,40~49세,18
경기,동두천시,50~59세,18
경기,동두천시,60~69세,0
경기,동두천시,70~79세,0
경기,동두천시,80~89세,0
경기,동두천시,90~99세,0
경기,동두천시,100세 이상,0
경기,부천시,0~9세,0
경기,부천시,10~19세,0
경기,부천시,20~29세,0
경기,부천시,30~39세,12
경기,부천시,40~49세,0
경기,부천시,50~59세,12
경기,부천시,60~69세,0
경기,부천시,70~79세,0
경기,부천시,80~89세,0
경기,부천시,90~99세,0
경기,부천시,100세 이상,0
경기,부천시,0~9세,0
경기,부천시,10~19세,0
경기,부천시,20~29세,15
경기,부천시,30~39세,59
경기,부천시,40~49세,104
경기,부천시,50~59세,105
경기,부천시,60~69세,35
경기,부천시,70~79세,0
경기,부천시,80~89세,0
경기,부천시,90~99세,0
경기,부천시,100세 이상,0
경기,부천소사구,0~9세,0
경기,부천소사구,10~19세,0
경기,부천소사구,20~29세,0
경기,부천소사구,30~39세,0
경기,부천소사구,40~49세,0
경기,부천소사구,50~59세,0
경기,부천소사구,60~69세,0
경기,부천소사구,70~79세,0
경기,부천소사구,80~89세,0
경기,부천소사구,90~99세,0
경기,부천소사구,100세 이상,0
경기,부천소사구,0~9세,0
경기,부천소사구,10~19세,0
경기,부천소사구,20~29세,0
경기,부천소사구,30~39세,0
경기,부천소사구,40~49세,0
경기,부천소사구,50~59세,0
경기,부천소사구,60~69세,0
경기,부천소사구,70~79세,0
경기,부천소사구,80~89세,0
경기,부천소사구,90~99세,0
경기,부천소사구,100세 이상,0
경기,부천오정구,0~9세,0
경기,부천오정구,10~19세,0
경기,부천오정구,20~29세,0
경기,부천오정구,30~39세,0
경기,부천오정구,40~49세,0
경기,부천오정구,50~59세,0
경기,부천오정구,60~69세,0
경기,부천오정구,70~79세,0
경기,부천오정구,80~89세,0
경기,부천오정구,90~99세,0
경기,부천오정구,100세 이상,0
경기,부천오정구,0~9세,0
경기,부천오정구,10~19세,0
경기,부천오정구,20~29세,0
경기,부천오정구,30~39세,0
경기,부천오정구,40~49세,17
경기,부천오정구,50~59세,17
경기,부천오정구,60~69세,0
경기,부천오정구,70~79세,0
경기,부천오정구,80~89세,0
경기,부천오정구,90~99세,0
경기,부천오정구,100세 이상,0
경기,부천원미구,0~9세,0
경기,부천원미구,10~19세,0
경기,부천원미구,20~29세,0
경기,부천원미구,30~39세,0
경기,부천원미구,40~49세,0
경기,부천원미구,50~59세,0
경기,부천원미구,60~69세,0
경기,부천원미구,70~79세,0
경기,부천원미구,80~89세,0
경기,부천원미구,90~99세,0
경기,부천원미구,100세 이상,0
경기,부천원미구,0~9세,0
경기,부천원미구,10~19세,0
경기,부천원미구,20~29세,0
경기,부천원미구,30~39세,0
경기,부천원미구,40~49세,0
경기,부천원미구,50~59세,0
경기,부천원미구,60~69세,0
경기,부천원미구,70~79세,0
경기,부천원미구,80~89세,0
경기,부천원미구,90~99세,0
경기,부천원미구,100세 이상,0
경기,성남수정구,0~9세,0
경기,성남수정구,10~19세,0
경기,성남수정구,20~29세,0
경기,성남수정구,30~39세,0
경기,성남수정구,40~49세,0
경기,성남수정구,50~59세,0
경기,성남수정구,60~69세,0
경기,성남수정구,70~79세,0
경기,성남수정구,80~89세,0
경기,성남수정구,90~99세,0
경기,성남수정구,100세 이상,0
경기,성남수정구,0~9세,0
경기,성남수정구,10~19세,0
경기,성남수정구,20~29세,0
경기,성남수정구,30~39세,0
경기,성남수정구,40~49세,16
경기,성남수정구,50~59세,0
경기,성남수정구,60~69세,0
경기,성남수정구,70~79세,0
경기,성남수정구,80~89세,0
경기,성남수정구,90~99세,0
경기,성남수정구,100세 이상,0
경기,성남중원구,0~9세,0
경기,성남중원구,10~19세,0
경기,성남중원구,20~29세,0
경기,성남중원구,30~39세,0
경기,성남중원구,40~49세,0
경기,성남중원구,50~59세,0
경기,성남중원구,60~69세,0
경기,성남중원구,70~79세,0
경기,성남중원구,80~89세,0
경기,성남중원구,90~99세,0
경기,성남중원구,100세 이상,0
경기,성남중원구,0~9세,0
경기,성남중원구,10~19세,0
경기,성남중원구,20~29세,0
경기,성남중원구,30~39세,0
경기,성남중원구,40~49세,0
경기,성남중원구,50~59세,0
경기,성남중원구,60~69세,0
경기,성남중원구,70~79세,0
경기,성남중원구,80~89세,0
경기,성남중원구,90~99세,0
경기,성남중원구,100세 이상,0
경기,성남분당구,0~9세,27
경기,성남분당구,10~19세,72
경기,성남분당구,20~29세,60
경기,성남분당구,30~39세,96
경기,성남분당구,40~49세,94
경기,성남분당구,50~59세,41
경기,성남분당구,60~69세,0
경기,성남분당구,70~79세,0
경기,성남분당구,80~89세,0
경기,성남분당구,90~99세,0
경기,성남분당구,100세 이상,0
경기,성남분당구,0~9세,11
경기,성남분당구,10~19세,32
경기,성남분당구,20~29세,109
경기,성남분당구,30~39세,191
경기,성남분당구,40~49세,155
경기,성남분당구,50~59세,128
경기,성남분당구,60~69세,51
경기,성남분당구,70~79세,11
경기,성남분당구,80~89세,0
경기,성남분당구,90~99세,0
경기,성남분당구,100세 이상,0
경기,수원권선구,0~9세,0
경기,수원권선구,10~19세,0
경기,수원권선구,20~29세,0
경기,수원권선구,30~39세,0
경기,수원권선구,40~49세,0
경기,수원권선구,50~59세,0
경기,수원권선구,60~69세,0
경기,수원권선구,70~79세,0
경기,수원권선구,80~89세,0
경기,수원권선구,90~99세,0
경기,수원권선구,100세 이상,0
경기,수원권선구,0~9세,0
경기,수원권선구,10~19세,0
경기,수원권선구,20~29세,28
경기,수원권선구,30~39세,60
경기,수원권선구,40~49세,23
경기,수원권선구,50~59세,16
경기,수원권선구,60~69세,0
경기,수원권선구,70~79세,0
경기,수원권선구,80~89세,0
경기,수원권선구,90~99세,0
경기,수원권선구,100세 이상,0
경기,수원장안구,0~9세,0
경기,수원장안구,10~19세,0
경기,수원장안구,20~29세,0
경기,수원장안구,30~39세,0
경기,수원장안구,40~49세,0
경기,수원장안구,50~59세,0
경기,수원장안구,60~69세,0
경기,수원장안구,70~79세,0
경기,수원장안구,80~89세,0
경기,수원장안구,90~99세,0
경기,수원장안구,100세 이상,0
경기,수원장안구,0~9세,0
경기,수원장안구,10~19세,0
경기,수원장안구,20~29세,0
경기,수원장안구,30~39세,14
경기,수원장안구,40~49세,12
경기,수원장안구,50~59세,18
경기,수원장안구,60~69세,0
경기,수원장안구,70~79세,0
경기,수원장안구,80~89세,0
경기,수원장안구,90~99세,0
경기,수원장안구,100세 이상,0
경기,수원팔달구,0~9세,0
경기,수원팔달구,10~19세,0
경기,수원팔달구,20~29세,0
경기,수원팔달구,30~39세,10
경기,수원팔달구,40~49세,0
경기,수원팔달구,50~59세,0
경기,수원팔달구,60~69세,0
경기,수원팔달구,70~79세,0
경기,수원팔달구,80~89세,0
경기,수원팔달구,90~99세,0
경기,수원팔달구,100세 이상,0
경기,수원팔달구,0~9세,0
경기,수원팔달구,10~19세,0
경기,수원팔달구,20~29세,0
경기,수원팔달구,30~39세,20
경기,수원팔달구,40~49세,32
경기,수원팔달구,50~59세,29
경기,수원팔달구,60~69세,0
경기,수원팔달구,70~79세,0
경기,수원팔달구,80~89세,0
경기,수원팔달구,90~99세,0
경기,수원팔달구,100세 이상,0
경기,수원영통구,0~9세,14
경기,수원영통구,10~19세,0
경기,수원영통구,20~29세,16
경기,수원영통구,30~39세,19
경기,수원영통구,40~49세,0
경기,수원영통구,50~59세,0
경기,수원영통구,60~69세,0
경기,수원영통구,70~79세,0
경기,수원영통구,80~89세,0
경기,수원영통구,90~99세,0
경기,수원영통구,100세 이상,0
경기,수원영통구,0~9세,0
경기,수원영통구,10~19세,0
경기,수원영통구,20~29세,18
경기,수원영통구,30~39세,34
경기,수원영통구,40~49세,35
경기,수원영통구,50~59세,27
경기,수원영통구,60~69세,13
경기,수원영통구,70~79세,0
경기,수원영통구,80~89세,0
경기,수원영통구,90~99세,0
경기,수원영통구,100세 이상,0
경기,안양만안구,0~9세,0
경기,안양만안구,10~19세,0
경기,안양만안구,20~29세,0
경기,안양만안구,30~39세,0
경기,안양만안구,40~49세,0
경기,안양만안구,50~59세,0
경기,안양만안구,60~69세,0
경기,안양만안구,70~79세,0
경기,안양만안구,80~89세,0
경기,안양만안구,90~99세,0
경기,안양만안구,100세 이상,0
경기,안양만안구,0~9세,0
경기,안양만안구,10~19세,0
경기,안양만안구,20~29세,0
경기,안양만안구,30~39세,0
경기,안양만안구,40~49세,0
경기,안양만안구,50~59세,0
경기,안양만안구,60~69세,0
경기,안양만안구,70~79세,0
경기,안양만안구,80~89세,0
경기,안양만안구,90~99세,0
경기,안양만안구,100세 이상,0
경기,안양동안구,0~9세,11
경기,안양동안구,10~19세,24
경기,안양동안구,20~29세,11
경기,안양동안구,30~39세,12
경기,안양동안구,40~49세,10
경기,안양동안구,50~59세,0
경기,안양동안구,60~69세,0
경기,안양동안구,70~79세,0
경기,안양동안구,80~89세,0
경기,안양동안구,90~99세,0
경기,안양동안구,100세 이상,0
경기,안양동안구,0~9세,0
경기,안양동안구,10~19세,17
경기,안양동안구,20~29세,12
경기,안양동안구,30~39세,17
경기,안양동안구,40~49세,25
경기,안양동안구,50~59세,13
경기,안양동안구,60~69세,11
경기,안양동안구,70~79세,0
경기,안양동안구,80~89세,0
경기,안양동안구,90~99세,0
경기,안양동안구,100세 이상,0
경기,의정부시,0~9세,0
경기,의정부시,10~19세,22
경기,의정부시,20~29세,0
경기,의정부시,30~39세,0
경기,의정부시,40~49세,0
경기,의정부시,50~59세,0
경기,의정부시,60~69세,0
경기,의정부시,70~79세,0
경기,의정부시,80~89세,0
경기,의정부시,90~99세,0
경기,의정부시,100세 이상,0
경기,의정부시,0~9세,0
경기,의정부시,10~19세,14
경기,의정부시,20~29세,17
경기,의정부시,30~39세,16
경기,의정부시,40~49세,17
경기,의정부시,50~59세,0
경기,의정부시,60~69세,0
경기,의정부시,70~79세,0
경기,의정부시,80~89세,0
경기,의정부시,90~99세,0
경기,의정부시,100세 이상,0
경기,과천시,0~9세,0
경기,과천시,10~19세,0
경기,과천시,20~29세,0
경기,과천시,30~39세,0
경기,과천시,40~49세,0
경기,과천시,50~59세,0
경기,과천시,60~69세,0
경기,과천시,70~79세,0
경기,과천시,80~89세,0
경기,과천시,90~99세,0
경기,과천시,100세 이상,0
경기,과천시,0~9세,0
경기,과천시,10~19세,0
경기,과천시,20~29세,0
경기,과천시,30~39세,0
경기,과천시,40~49세,0
경기,과천시,50~59세,0
경기,과천시,60~69세,0
경기,과천시,70~79세,0
경기,과천시,80~89세,0
경기,과천시,90~99세,0
경기,과천시,100세 이상,0
경기,구리시,0~9세,0
경기,구리시,10~19세,0
경기,구리시,20~29세,0
경기,구리시,30~39세,0
경기,구리시,40~49세,11
경기,구리시,50~59세,0
경기,구리시,60~69세,0
경기,구리시,70~79세,0
경기,구리시,80~89세,0
경기,구리시,90~99세,0
경기,구리시,100세 이상,0
경기,구리시,0~9세,0
경기,구리시,10~19세,0
경기,구리시,20~29세,0
경기,구리시,30~39세,0
경기,구리시,40~49세,20
경기,구리시,50~59세,18
경기,구리시,60~69세,0
경기,구리시,70~79세,0
경기,구리시,80~89세,0
경기,구리시,90~99세,0
경기,구리시,100세 이상,0
경기,안산단원구,0~9세,0
경기,안산단원구,10~19세,0
경기,안산단원구,20~29세,0
경기,안산단원구,30~39세,0
경기,안산단원구,40~49세,0
경기,안산단원구,50~59세,0
경기,안산단원구,60~69세,0
경기,안산단원구,70~79세,0
경기,안산단원구,80~89세,0
경기,안산단원구,90~99세,0
경기,안산단원구,100세 이상,0
경기,안산단원구,0~9세,0
경기,안산단원구,10~19세,0
경기,안산단원구,20~29세,10
경기,안산단원구,30~39세,15
경기,안산단원구,40~49세,26
경기,안산단원구,50~59세,20
경기,안산단원구,60~69세,0
경기,안산단원구,70~79세,0
경기,안산단원구,80~89세,0
경기,안산단원구,90~99세,0
경기,안산단원구,100세 이상,0
경기,안산상록구,0~9세,0
경기,안산상록구,10~19세,0
경기,안산상록구,20~29세,0
경기,안산상록구,30~39세,17
경기,안산상록구,40~49세,0
경기,안산상록구,50~59세,0
경기,안산상록구,60~69세,0
경기,안산상록구,70~79세,0
경기,안산상록구,80~89세,0
경기,안산상록구,90~99세,0
경기,안산상록구,100세 이상,0
경기,안산상록구,0~9세,0
경기,안산상록구,10~19세,0
경기,안산상록구,20~29세,14
경기,안산상록구,30~39세,27
경기,안산상록구,40~49세,19
경기,안산상록구,50~59세,16
경기,안산상록구,60~69세,0
경기,안산상록구,70~79세,0
경기,안산상록구,80~89세,0
경기,안산상록구,90~99세,0
경기,안산상록구,100세 이상,0
경기,평택시,0~9세,12
경기,평택시,10~19세,19
경기,평택시,20~29세,0
경기,평택시,30~39세,12
경기,평택시,40~49세,0
경기,평택시,50~59세,0
경기,평택시,60~69세,0
경기,평택시,70~79세,0
경기,평택시,80~89세,0
경기,평택시,90~99세,0
경기,평택시,100세 이상,0
경기,평택시,0~9세,0
경기,평택시,10~19세,0
경기,평택시,20~29세,0
경기,평택시,30~39세,20
경기,평택시,40~49세,27
경기,평택시,50~59세,29
경기,평택시,60~69세,13
경기,평택시,70~79세,0
경기,평택시,80~89세,0
경기,평택시,90~99세,0
경기,평택시,100세 이상,0
경기,하남시,0~9세,0
경기,하남시,10~19세,0
경기,하남시,20~29세,0
경기,하남시,30~39세,0
경기,하남시,40~49세,0
경기,하남시,50~59세,0
경기,하남시,60~69세,0
경기,하남시,70~79세,0
경기,하남시,80~89세,0
경기,하남시,90~99세,0
경기,하남시,100세 이상,0
경기,하남시,0~9세,0
경기,하남시,10~19세,0
경기,하남시,20~29세,0
경기,하남시,30~39세,15
경기,하남시,40~49세,25
경기,하남시,50~59세,11
경기,하남시,60~69세,0
경기,하남시,70~79세,0
경기,하남시,80~89세,0
경기,하남시,90~99세,0
경기,하남시,100세 이상,0
경기,군포시,0~9세,0
경기,군포시,10~19세,0
경기,군포시,20~29세,0
경기,군포시,30~39세,0
경기,군포시,40~49세,0
경기,군포시,50~59세,0
경기,군포시,60~69세,0
경기,군포시,70~79세,0
경기,군포시,80~89세,0
경기,군포시,90~99세,0
경기,군포시,100세 이상,0
경기,군포시,0~9세,0
경기,군포시,10~19세,0
경기,군포시,20~29세,0
경기,군포시,30~39세,0
경기,군포시,40~49세,0
경기,군포시,50~59세,0
경기,군포시,60~69세,0
경기,군포시,70~79세,0
경기,군포시,80~89세,0
경기,군포시,90~99세,0
경기,군포시,100세 이상,0
경기,남양주시,0~9세,0
경기,남양주시,10~19세,0
경기,남양주시,20~29세,0
경기,남양주시,30~39세,0
경기,남양주시,40~49세,0
경기,남양주시,50~59세,10
경기,남양주시,60~69세,0
경기,남양주시,70~79세,0
경기,남양주시,80~89세,0
경기,남양주시,90~99세,0
경기,남양주시,100세 이상,0
경기,남양주시,0~9세,0
경기,남양주시,10~19세,0
경기,남양주시,20~29세,12
경기,남양주시,30~39세,22
경기,남양주시,40~49세,42
경기,남양주시,50~59세,14
경기,남양주시,60~69세,16
경기,남양주시,70~79세,0
경기,남양주시,80~89세,0
경기,남양주시,90~99세,0
경기,남양주시,100세 이상,0
경기,의왕시,0~9세,0
경기,의왕시,10~19세,0
경기,의왕시,20~29세,0
경기,의왕시,30~39세,0
경기,의왕시,40~49세,0
경기,의왕시,50~59세,0
경기,의왕시,60~69세,0
경기,의왕시,70~79세,0
경기,의왕시,80~89세,0
경기,의왕시,90~99세,0
경기,의왕시,100세 이상,0
경기,의왕시,0~9세,0
경기,의왕시,10~19세,0
경기,의왕시,20~29세,0
경기,의왕시,30~39세,0
경기,의왕시,40~49세,0
경기,의왕시,50~59세,0
경기,의왕시,60~69세,0
경기,의왕시,70~79세,0
경기,의왕시,80~89세,0
경기,의왕시,90~99세,0
경기,의왕시,100세 이상,0
경기,시흥시,0~9세,0
경기,시흥시,10~19세,17
경기,시흥시,20~29세,0
경기,시흥시,30~39세,0
경기,시흥시,40~49세,0
경기,시흥시,50~59세,0
경기,시흥시,60~69세,0
경기,시흥시,70~79세,0
경기,시흥시,80~89세,0
경기,시흥시,90~99세,0
경기,시흥시,100세 이상,0
경기,시흥시,0~9세,0
경기,시흥시,10~19세,0
경기,시흥시,20~29세,15
경기,시흥시,30~39세,21
경기,시흥시,40~49세,35
경기,시흥시,50~59세,25
경기,시흥시,60~69세,0
경기,시흥시,70~79세,0
경기,시흥시,80~89세,0
경기,시흥시,90~99세,0
경기,시흥시,100세 이상,0
경기,오산시,0~9세,0
경기,오산시,10~19세,0
경기,오산시,20~29세,0
경기,오산시,30~39세,0
경기,오산시,40~49세,0
경기,오산시,50~59세,0
경기,오산시,60~69세,0
경기,오산시,70~79세,0
경기,오산시,80~89세,0
경기,오산시,90~99세,0
경기,오산시,100세 이상,0
경기,오산시,0~9세,0
경기,오산시,10~19세,0
경기,오산시,20~29세,0
경기,오산시,30~39세,0
경기,오산시,40~49세,0
경기,오산시,50~59세,0
경기,오산시,60~69세,0
경기,오산시,70~79세,0
경기,오산시,80~89세,0
경기,오산시,90~99세,0
경기,오산시,100세 이상,0
경기,고양덕양구,0~9세,0
경기,고양덕양구,10~19세,0
경기,고양덕양구,20~29세,0
경기,고양덕양구,30~39세,15
경기,고양덕양구,40~49세,0
경기,고양덕양구,50~59세,0
경기,고양덕양구,60~69세,0
경기,고양덕양구,70~79세,0
경기,고양덕양구,80~89세,0
경기,고양덕양구,90~99세,0
경기,고양덕양구,100세 이상,0
경기,고양덕양구,0~9세,0
경기,고양덕양구,10~19세,0
경기,고양덕양구,20~29세,0
경기,고양덕양구,30~39세,18
경기,고양덕양구,40~49세,33
경기,고양덕양구,50~59세,14
경기,고양덕양구,60~69세,0
경기,고양덕양구,70~79세,0
경기,고양덕양구,80~89세,0
경기,고양덕양구,90~99세,0
경기,고양덕양구,100세 이상,0
경기,고양일산서구,0~9세,0
경기,고양일산서구,10~19세,0
경기,고양일산서구,20~29세,0
경기,고양일산서구,30~39세,0
경기,고양일산서구,40~49세,0
경기,고양일산서구,50~59세,0
경기,고양일산서구,60~69세,0
경기,고양일산서구,70~79세,0
경기,고양일산서구,80~89세,0
경기,고양일산서구,90~99세,0
경기,고양일산서구,100세 이상,0
경기,고양일산서구,0~9세,0
경기,고양일산서구,10~19세,0
경기,고양일산서구,20~29세,0
경기,고양일산서구,30~39세,0
경기,고양일산서구,40~49세,11
경기,고양일산서구,50~59세,0
경기,고양일산서구,60~69세,0
경기,고양일산서구,70~79세,0
경기,고양일산서구,80~89세,0
경기,고양일산서구,90~99세,0
경기,고양일산서구,100세 이상,0
경기,고양일산동구,0~9세,0
경기,고양일산동구,10~19세,0
경기,고양일산동구,20~29세,0
경기,고양일산동구,30~39세,0
경기,고양일산동구,40~49세,0
경기,고양일산동구,50~59세,0
경기,고양일산동구,60~69세,0
경기,고양일산동구,70~79세,0
경기,고양일산동구,80~89세,0
경기,고양일산동구,90~99세,0
경기,고양일산동구,100세 이상,0
경기,고양일산동구,0~9세,0
경기,고양일산동구,10~19세,0
경기,고양일산동구,20~29세,15
경기,고양일산동구,30~39세,34
경기,고양일산동구,40~49세,64
경기,고양일산동구,50~59세,46
경기,고양일산동구,60~69세,11
경기,고양일산동구,70~79세,0
경기,고양일산동구,80~89세,0
경기,고양일산동구,90~99세,0
경기,고양일산동구,100세 이상,0
경기,용인기흥구,0~9세,0
경기,용인기흥구,10~19세,0
경기,용인기흥구,20~29세,0
경기,용인기흥구,30~39세,0
경기,용인기흥구,40~49세,0
경기,용인기흥구,50~59세,0
경기,용인기흥구,60~69세,0
경기,용인기흥구,70~79세,0
경기,용인기흥구,80~89세,0
경기,용인기흥구,90~99세,0
경기,용인기흥구,100세 이상,0
경기,용인기흥구,0~9세,0
경기,용인기흥구,10~19세,0
경기,용인기흥구,20~29세,0
경기,용인기흥구,30~39세,11
경기,용인기흥구,40~49세,19
경기,용인기흥구,50~59세,0
경기,용인기흥구,60~69세,0
경기,용인기흥구,70~79세,0
경기,용인기흥구,80~89세,0
경기,용인기흥구,90~99세,0
경기,용인기흥구,100세 이상,0
경기,용인수지구,0~9세,0
경기,용인수지구,10~19세,0
경기,용인수지구,20~29세,0
경기,용인수지구,30~39세,0
경기,용인수지구,40~49세,0
경기,용인수지구,50~59세,0
경기,용인수지구,60~69세,0
경기,용인수지구,70~79세,0
경기,용인수지구,80~89세,0
경기,용인수지구,90~99세,0
경기,용인수지구,100세 이상,0
경기,용인수지구,0~9세,0
경기,용인수지구,10~19세,0
경기,용인수지구,20~29세,0
경기,용인수지구,30~39세,11
경기,용인수지구,40~49세,18
경기,용인수지구,50~59세,13
경기,용인수지구,60~69세,0
경기,용인수지구,70~79세,0
경기,용인수지구,80~89세,0
경기,용인수지구,90~99세,0
경기,용인수지구,100세 이상,0
경기,용인처인구,0~9세,0
경기,용인처인구,10~19세,0
경기,용인처인구,20~29세,0
경기,용인처인구,30~39세,0
경기,용인처인구,40~49세,0
경기,용인처인구,50~59세,0
경기,용인처인구,60~69세,0
경기,용인처인구,70~79세,0
경기,용인처인구,80~89세,0
경기,용인처인구,90~99세,0
경기,용인처인구,100세 이상,0
경기,용인처인구,0~9세,0
경기,용인처인구,10~19세,0
경기,용인처인구,20~29세,0
경기,용인처인구,30~39세,0
경기,용인처인구,40~49세,18
경기,용인처인구,50~59세,11
경기,용인처인구,60~69세,0
경기,용인처인구,70~79세,0
경기,용인처인구,80~89세,0
경기,용인처인구,90~99세,0
경기,용인처인구,100세 이상,0
경기,이천시,0~9세,0
경기,이천시,10~19세,0
경기,이천시,20~29세,0
경기,이천시,30~39세,0
경기,이천시,40~49세,0
경기,이천시,50~59세,0
경기,이천시,60~69세,0
경기,이천시,70~79세,0
경기,이천시,80~89세,0
경기,이천시,90~99세,0
경기,이천시,100세 이상,0
경기,이천시,0~9세,0
경기,이천시,10~19세,0
경기,이천시,20~29세,0
경기,이천시,30~39세,23
경기,이천시,40~49세,17
경기,이천시,50~59세,0
경기,이천시,60~69세,0
경기,이천시,70~79세,0
경기,이천시,80~89세,0
경기,이천시,90~99세,0
경기,이천시,100세 이상,0
경기,파주시,0~9세,0
경기,파주시,10~19세,11
경기,파주시,20~29세,0
경기,파주시,30~39세,0
경기,파주시,40~49세,0
경기,파주시,50~59세,0
경기,파주시,60~69세,0
경기,파주시,70~79세,0
경기,파주시,80~89세,0
경기,파주시,90~99세,0
경기,파주시,100세 이상,0
경기,파주시,0~9세,0
경기,파주시,10~19세,0
경기,파주시,20~29세,0
경기,파주시,30~39세,20
경기,파주시,40~49세,29
경기,파주시,50~59세,26
경기,파주시,60~69세,0
경기,파주시,70~79세,0
경기,파주시,80~89세,0
경기,파주시,90~99세,0
경기,파주시,100세 이상,0
경기,김포시,0~9세,0
경기,김포시,10~19세,10
경기,김포시,20~29세,0
경기,김포시,30~39세,0
경기,김포시,40~49세,0
경기,김포시,50~59세,0
경기,김포시,60~69세,0
경기,김포시,70~79세,0
경기,김포시,80~89세,0
경기,김포시,90~99세,0
경기,김포시,100세 이상,0
경기,김포시,0~9세,0
경기,김포시,10~19세,0
경기,김포시,20~29세,11
경기,김포시,30~39세,28
경기,김포시,40~49세,36
경기,김포시,50~59세,24
경기,김포시,60~69세,0
경기,김포시,70~79세,0
경기,김포시,80~89세,0
경기,김포시,90~99세,0
경기,김포시,100세 이상,0
경기,안성시,0~9세,0
경기,안성시,10~19세,0
경기,안성시,20~29세,0
경기,안성시,30~39세,0
경기,안성시,40~49세,0
경기,안성시,50~59세,0
경기,안성시,60~69세,0
경기,안성시,70~79세,0
경기,안성시,80~89세,0
경기,안성시,90~99세,0
경기,안성시,100세 이상,0
경기,안성시,0~9세,0
경기,안성시,10~19세,0
경기,안성시,20~29세,0
경기,안성시,30~39세,0
경기,안성시,40~49세,0
경기,안성시,50~59세,0
경기,안성시,60~69세,0
경기,안성시,70~79세,0
경기,안성시,80~89세,0
경기,안성시,90~99세,0
경기,안성시,100세 이상,0
경기,화성시,0~9세,16
경기,화성시,10~19세,13
경기,화성시,20~29세,0
경기,화성시,30~39세,11
경기,화성시,40~49세,12
경기,화성시,50~59세,0
경기,화성시,60~69세,0
경기,화성시,70~79세,0
경기,화성시,80~89세,0
경기,화성시,90~99세,0
경기,화성시,100세 이상,0
경기,화성시,0~9세,0
경기,화성시,10~19세,0
경기,화성시,20~29세,29
경기,화성시,30~39세,46
경기,화성시,40~49세,72
경기,화성시,50~59세,25
경기,화성시,60~69세,0
경기,화성시,70~79세,0
경기,화성시,80~89세,0
경기,화성시,90~99세,0
경기,화성시,100세 이상,0
경기,광주시,0~9세,0
경기,광주시,10~19세,0
경기,광주시,20~29세,0
경기,광주시,30~39세,0
경기,광주시,40~49세,0
경기,광주시,50~59세,0
경기,광주시,60~69세,0
경기,광주시,70~79세,0
경기,광주시,80~89세,0
경기,광주시,90~99세,0
경기,광주시,100세 이상,0
경기,광주시,0~9세,0
경기,광주시,10~19세,0
경기,광주시,20~29세,0
경기,광주시,30~39세,16
경기,광주시,40~49세,14
경기,광주시,50~59세,11
경기,광주시,60~69세,0
경기,광주시,70~79세,0
경기,광주시,80~89세,0
경기,광주시,90~99세,0
경기,광주시,100세 이상,0
경기,양주시,0~9세,0
경기,양주시,10~19세,0
경기,양주시,20~29세,0
경기,양주시,30~39세,0
경기,양주시,40~49세,0
경기,양주시,50~59세,0
경기,양주시,60~69세,0
경기,양주시,70~79세,0
경기,양주시,80~89세,0
경기,양주시,90~99세,0
경기,양주시,100세 이상,0
경기,양주시,0~9세,0
경기,양주시,10~19세,0
경기,양주시,20~29세,0
경기,양주시,30~39세,11
경기,양주시,40~49세,11
경기,양주시,50~59세,0
경기,양주시,60~69세,0
경기,양주시,70~79세,0
경기,양주시,80~89세,0
경기,양주시,90~99세,0
경기,양주시,100세 이상,0
경기,포천시,0~9세,0
경기,포천시,10~19세,0
경기,포천시,20~29세,0
경기,포천시,30~39세,0
경기,포천시,40~49세,0
경기,포천시,50~59세,0
경기,포천시,60~69세,0
경기,포천시,70~79세,0
경기,포천시,80~89세,0
경기,포천시,90~99세,0
경기,포천시,100세 이상,0
경기,포천시,0~9세,0
경기,포천시,10~19세,0
경기,포천시,20~29세,0
경기,포천시,30~39세,0
경기,포천시,40~49세,11
경기,포천시,50~59세,0
경기,포천시,60~69세,0
경기,포천시,70~79세,0
경기,포천시,80~89세,0
경기,포천시,90~99세,0
경기,포천시,100세 이상,0
경기,여주시,0~9세,0
경기,여주시,10~19세,0
경기,여주시,20~29세,0
경기,여주시,30~39세,0
경기,여주시,40~49세,0
경기,여주시,50~59세,0
경기,여주시,60~69세,0
경기,여주시,70~79세,0
경기,여주시,80~89세,0
경기,여주시,90~99세,0
경기,여주시,100세 이상,0
경기,여주시,0~9세,0
경기,여주시,10~19세,0
경기,여주시,20~29세,0
경기,여주시,30~39세,0
경기,여주시,40~49세,0
경기,여주시,50~59세,0
경기,여주시,60~69세,0
경기,여주시,70~79세,0
경기,여주시,80~89세,0
경기,여주시,90~99세,0
경기,여주시,100세 이상,0
강원,고성군,0~9세,0
강원,고성군,10~19세,0
강원,고성군,20~29세,0
강원,고성군,30~39세,0
강원,고성군,40~49세,0
강원,고성군,50~59세,0
강원,고성군,60~69세,0
강원,고성군,70~79세,0
강원,고성군,80~89세,0
강원,고성군,90~99세,0
강원,고성군,100세 이상,0
강원,고성군,0~9세,0
강원,고성군,10~19세,0
강원,고성군,20~29세,0
강원,고성군,30~39세,0
강원,고성군,40~49세,0
강원,고성군,50~59세,0
강원,고성군,60~69세,0
강원,고성군,70~79세,0
강원,고성군,80~89세,0
강원,고성군,90~99세,0
강원,고성군,100세 이상,0
강원,양구군,0~9세,0
강원,양구군,10~19세,0
강원,양구군,20~29세,0
강원,양구군,30~39세,0
강원,양구군,40~49세,0
강원,양구군,50~59세,0
강원,양구군,60~69세,0
강원,양구군,70~79세,0
강원,양구군,80~89세,0
강원,양구군,90~99세,0
강원,양구군,100세 이상,0
강원,양구군,0~9세,0
강원,양구군,10~19세,0
강원,양구군,20~29세,0
강원,양구군,30~39세,0
강원,양구군,40~49세,0
강원,양구군,50~59세,0
강원,양구군,60~69세,0
강원,양구군,70~79세,0
강원,양구군,80~89세,0
강원,양구군,90~99세,0
강원,양구군,100세 이상,0
강원,양양군,0~9세,0
강원,양양군,10~19세,0
강원,양양군,20~29세,0
강원,양양군,30~39세,0
강원,양양군,40~49세,0
강원,양양군,50~59세,0
강원,양양군,60~69세,0
강원,양양군,70~79세,0
강원,양양군,80~89세,0
강원,양양군,90~99세,0
강원,양양군,100세 이상,0
강원,양양군,0~9세,0
강원,양양군,10~19세,0
강원,양양군,20~29세,0
강원,양양군,30~39세,0
강원,양양군,40~49세,0
강원,양양군,50~59세,0
강원,양양군,60~69세,0
강원,양양군,70~79세,0
강원,양양군,80~89세,0
강원,양양군,90~99세,0
강원,양양군,100세 이상,0
강원,영월군,0~9세,0
강원,영월군,10~19세,0
강원,영월군,20~29세,0
강원,영월군,30~39세,0
강원,영월군,40~49세,0
강원,영월군,50~59세,0
강원,영월군,60~69세,0
강원,영월군,70~79세,0
강원,영월군,80~89세,0
강원,영월군,90~99세,0
강원,영월군,100세 이상,0
강원,영월군,0~9세,0
강원,영월군,10~19세,0
강원,영월군,20~29세,0
강원,영월군,30~39세,0
강원,영월군,40~49세,0
강원,영월군,50~59세,0
강원,영월군,60~69세,0
강원,영월군,70~79세,0
강원,영월군,80~89세,0
강원,영월군,90~99세,0
강원,영월군,100세 이상,0
강원,인제군,0~9세,0
강원,인제군,10~19세,0
강원,인제군,20~29세,0
강원,인제군,30~39세,0
강원,인제군,40~49세,0
강원,인제군,50~59세,0
강원,인제군,60~69세,0
강원,인제군,70~79세,0
강원,인제군,80~89세,0
강원,인제군,90~99세,0
강원,인제군,100세 이상,0
강원,인제군,0~9세,0
강원,인제군,10~19세,0
강원,인제군,20~29세,0
강원,인제군,30~39세,0
강원,인제군,40~49세,0
강원,인제군,50~59세,0
강원,인제군,60~69세,0
강원,인제군,70~79세,0
강원,인제군,80~89세,0
강원,인제군,90~99세,0
강원,인제군,100세 이상,0
강원,정선군,0~9세,0
강원,정선군,10~19세,0
강원,정선군,20~29세,0
강원,정선군,30~39세,0
강원,정선군,40~49세,0
강원,정선군,50~59세,0
강원,정선군,60~69세,0
강원,정선군,70~79세,0
강원,정선군,80~89세,0
강원,정선군,90~99세,0
강원,정선군,100세 이상,0
강원,정선군,0~9세,0
강원,정선군,10~19세,0
강원,정선군,20~29세,0
강원,정선군,30~39세,0
강원,정선군,40~49세,0
강원,정선군,50~59세,0
강원,정선군,60~69세,0
강원,정선군,70~79세,0
강원,정선군,80~89세,0
강원,정선군,90~99세,0
강원,정선군,100세 이상,0
강원,철원군,0~9세,0
강원,철원군,10~19세,0
강원,철원군,20~29세,0
강원,철원군,30~39세,0
강원,철원군,40~49세,0
강원,철원군,50~59세,0
강원,철원군,60~69세,0
강원,철원군,70~79세,0
강원,철원군,80~89세,0
강원,철원군,90~99세,0
강원,철원군,100세 이상,0
강원,철원군,0~9세,0
강원,철원군,10~19세,0
강원,철원군,20~29세,0
강원,철원군,30~39세,0
강원,철원군,40~49세,0
강원,철원군,50~59세,0
강원,철원군,60~69세,0
강원,철원군,70~79세,0
강원,철원군,80~89세,0
강원,철원군,90~99세,0
강원,철원군,100세 이상,0
강원,평창군,0~9세,0
강원,평창군,10~19세,0
강원,평창군,20~29세,0
강원,평창군,30~39세,0
강원,평창군,40~49세,0
강원,평창군,50~59세,0
강원,평창군,60~69세,0
강원,평창군,70~79세,0
강원,평창군,80~89세,0
강원,평창군,90~99세,0
강원,평창군,100세 이상,0
강원,평창군,0~9세,0
강원,평창군,10~19세,0
강원,평창군,20~29세,0
강원,평창군,30~39세,0
강원,평창군,40~49세,0
강원,평창군,50~59세,0
강원,평창군,60~69세,0
강원,평창군,70~79세,0
강원,평창군,80~89세,0
강원,평창군,90~99세,0
강원,평창군,100세 이상,0
강원,홍천군,0~9세,0
강원,홍천군,10~19세,0
강원,홍천군,20~29세,0
강원,홍천군,30~39세,0
강원,홍천군,40~49세,0
강원,홍천군,50~59세,0
강원,홍천군,60~69세,0
강원,홍천군,70~79세,0
강원,홍천군,80~89세,0
강원,홍천군,90~99세,0
강원,홍천군,100세 이상,0
강원,홍천군,0~9세,0
강원,홍천군,10~19세,0
강원,홍천군,20~29세,0
강원,홍천군,30~39세,0
강원,홍천군,40~49세,0
강원,홍천군,50~59세,0
강원,홍천군,60~69세,0
강원,홍천군,70~79세,0
강원,홍천군,80~89세,0
강원,홍천군,90~99세,0
강원,홍천군,100세 이상,0
강원,화천군,0~9세,0
강원,화천군,10~19세,0
강원,화천군,20~29세,0
강원,화천군,30~39세,0
강원,화천군,40~49세,0
강원,화천군,50~59세,0
강원,화천군,60~69세,0
강원,화천군,70~79세,0
강원,화천군,80~89세,0
강원,화천군,90~99세,0
강원,화천군,100세 이상,0
강원,화천군,0~9세,0
강원,화천군,10~19세,0
강원,화천군,20~29세,0
강원,화천군,30~39세,0
강원,화천군,40~49세,0
강원,화천군,50~59세,0
강원,화천군,60~69세,0
강원,화천군,70~79세,0
강원,화천군,80~89세,0
강원,화천군,90~99세,0
강원,화천군,100세 이상,0
강원,횡성군,0~9세,0
강원,횡성군,10~19세,0
강원,횡성군,20~29세,0
강원,횡성군,30~39세,0
강원,횡성군,40~49세,0
강원,횡성군,50~59세,0
강원,횡성군,60~69세,0
강원,횡성군,70~79세,0
강원,횡성군,80~89세,0
강원,횡성군,90~99세,0
강원,횡성군,100세 이상,0
강원,횡성군,0~9세,0
강원,횡성군,10~19세,0
강원,횡성군,20~29세,0
강원,횡성군,30~39세,0
강원,횡성군,40~49세,0
강원,횡성군,50~59세,0
강원,횡성군,60~69세,0
강원,횡성군,70~79세,0
강원,횡성군,80~89세,0
강원,횡성군,90~99세,0
강원,횡성군,100세 이상,0
강원,강릉시,0~9세,0
강원,강릉시,10~19세,11
강원,강릉시,20~29세,0
강원,강릉시,30~39세,11
강원,강릉시,40~49세,0
강원,강릉시,50~59세,0
강원,강릉시,60~69세,0
강원,강릉시,70~79세,0
강원,강릉시,80~89세,0
강원,강릉시,90~99세,0
강원,강릉시,100세 이상,0
강원,강릉시,0~9세,0
강원,강릉시,10~19세,0
강원,강릉시,20~29세,0
강원,강릉시,30~39세,17
강원,강릉시,40~49세,22
강원,강릉시,50~59세,13
강원,강릉시,60~69세,10
강원,강릉시,70~79세,0
강원,강릉시,80~89세,0
강원,강릉시,90~99세,0
강원,강릉시,100세 이상,0
강원,동해시,0~9세,0
강원,동해시,10~19세,0
강원,동해시,20~29세,0
강원,동해시,30~39세,0
강원,동해시,40~49세,0
강원,동해시,50~59세,0
강원,동해시,60~69세,0
강원,동해시,70~79세,0
강원,동해시,80~89세,0
강원,동해시,90~99세,0
강원,동해시,100세 이상,0
강원,동해시,0~9세,0
강원,동해시,10~19세,0
강원,동해시,20~29세,0
강원,동해시,30~39세,0
강원,동해시,40~49세,0
강원,동해시,50~59세,0
강원,동해시,60~69세,0
강원,동해시,70~79세,0
강원,동해시,80~89세,0
강원,동해시,90~99세,0
강원,동해시,100세 이상,0
강원,속초시,0~9세,0
강원,속초시,10~19세,0
강원,속초시,20~29세,0
강원,속초시,30~39세,0
강원,속초시,40~49세,0
강원,속초시,50~59세,0
강원,속초시,60~69세,0
강원,속초시,70~79세,0
강원,속초시,80~89세,0
강원,속초시,90~99세,0
강원,속초시,100세 이상,0
강원,속초시,0~9세,0
강원,속초시,10~19세,0
강원,속초시,20~29세,0
강원,속초시,30~39세,0
강원,속초시,40~49세,0
강원,속초시,50~59세,0
강원,속초시,60~69세,0
강원,속초시,70~79세,0
강원,속초시,80~89세,0
강원,속초시,90~99세,0
강원,속초시,100세 이상,0
강원,원주시,0~9세,0
강원,원주시,10~19세,12
강원,원주시,20~29세,0
강원,원주시,30~39세,0
강원,원주시,40~49세,0
강원,원주시,50~59세,0
강원,원주시,60~69세,0
강원,원주시,70~79세,0
강원,원주시,80~89세,0
강원,원주시,90~99세,0
강원,원주시,100세 이상,0
강원,원주시,0~9세,0
강원,원주시,10~19세,0
강원,원주시,20~29세,21
강원,원주시,30~39세,23
강원,원주시,40~49세,44
강원,원주시,50~59세,19
강원,원주시,60~69세,0
강원,원주시,70~79세,0
강원,원주시,80~89세,0
강원,원주시,90~99세,0
강원,원주시,100세 이상,0
강원,춘천시,0~9세,0
강원,춘천시,10~19세,0
강원,춘천시,20~29세,0
강원,춘천시,30~39세,0
강원,춘천시,40~49세,0
강원,춘천시,50~59세,0
강원,춘천시,60~69세,0
강원,춘천시,70~79세,0
강원,춘천시,80~89세,0
강원,춘천시,90~99세,0
강원,춘천시,100세 이상,0
강원,춘천시,0~9세,0
강원,춘천시,10~19세,0
강원,춘천시,20~29세,0
강원,춘천시,30~39세,28
강원,춘천시,40~49세,20
강원,춘천시,50~59세,14
강원,춘천시,60~69세,0
강원,춘천시,70~79세,0
강원,춘천시,80~89세,0
강원,춘천시,90~99세,0
강원,춘천시,100세 이상,0
강원,태백시,0~9세,0
강원,태백시,10~19세,0
강원,태백시,20~29세,0
강원,태백시,30~39세,0
강원,태백시,40~49세,0
강원,태백시,50~59세,0
강원,태백시,60~69세,0
강원,태백시,70~79세,0
강원,태백시,80~89세,0
강원,태백시,90~99세,0
강원,태백시,100세 이상,0
강원,태백시,0~9세,0
강원,태백시,10~19세,0
강원,태백시,20~29세,0
강원,태백시,30~39세,0
강원,태백시,40~49세,0
강원,태백시,50~59세,0
강원,태백시,60~69세,0
강원,태백시,70~79세,0
강원,태백시,80~89세,0
강원,태백시,90~99세,0
강원,태백시,100세 이상,0
강원,삼척시,0~9세,0
강원,삼척시,10~19세,0
강원,삼척시,20~29세,0
강원,삼척시,30~39세,0
강원,삼척시,40~49세,0
강원,삼척시,50~59세,0
강원,삼척시,60~69세,0
강원,삼척시,70~79세,0
강원,삼척시,80~89세,0
강원,삼척시,90~99세,0
강원,삼척시,100세 이상,0
강원,삼척시,0~9세,0
강원,삼척시,10~19세,0
강원,삼척시,20~29세,0
강원,삼척시,30~39세,0
강원,삼척시,40~49세,0
강원,삼척시,50~59세,0
강원,삼척시,60~69세,0
강원,삼척시,70~79세,0
강원,삼척시,80~89세,0
강원,삼척시,90~99세,0
강원,삼척시,100세 이상,0
충북,괴산군,0~9세,0
충북,괴산군,10~19세,0
충북,괴산군,20~29세,0
충북,괴산군,30~39세,0
충북,괴산군,40~49세,0
충북,괴산군,50~59세,0
충북,괴산군,60~69세,0
충북,괴산군,70~79세,0
충북,괴산군,80~89세,0
충북,괴산군,90~99세,0
충북,괴산군,100세 이상,0
충북,괴산군,0~9세,0
충북,괴산군,10~19세,0
충북,괴산군,20~29세,0
충북,괴산군,30~39세,0
충북,괴산군,40~49세,0
충북,괴산군,50~59세,0
충북,괴산군,60~69세,0
충북,괴산군,70~79세,0
충북,괴산군,80~89세,0
충북,괴산군,90~99세,0
충북,괴산군,100세 이상,0
충북,단양군,0~9세,0
충북,단양군,10~19세,0
충북,단양군,20~29세,0
충북,단양군,30~39세,0
충북,단양군,40~49세,0
충북,단양군,50~59세,0
충북,단양군,60~69세,0
충북,단양군,70~79세,0
충북,단양군,80~89세,0
충북,단양군,90~99세,0
충북,단양군,100세 이상,0
충북,단양군,0~9세,0
충북,단양군,10~19세,0
충북,단양군,20~29세,0
충북,단양군,30~39세,0
충북,단양군,40~49세,0
충북,단양군,50~59세,0
충북,단양군,60~69세,0
충북,단양군,70~79세,0
충북,단양군,80~89세,0
충북,단양군,90~99세,0
충북,단양군,100세 이상,0
충북,보은군,0~9세,0
충북,보은군,10~19세,0
충북,보은군,20~29세,0
충북,보은군,30~39세,0
충북,보은군,40~49세,0
충북,보은군,50~59세,0
충북,보은군,60~69세,0
충북,보은군,70~79세,0
충북,보은군,80~89세,0
충북,보은군,90~99세,0
충북,보은군,100세 이상,0
충북,보은군,0~9세,0
충북,보은군,10~19세,0
충북,보은군,20~29세,0
충북,보은군,30~39세,0
충북,보은군,40~49세,0
충북,보은군,50~59세,0
충북,보은군,60~69세,0
충북,보은군,70~79세,0
충북,보은군,80~89세,0
충북,보은군,90~99세,0
충북,보은군,100세 이상,0
충북,영동군,0~9세,0
충북,영동군,10~19세,0
충북,영동군,20~29세,0
충북,영동군,30~39세,0
충북,영동군,40~49세,0
충북,영동군,50~59세,0
충북,영동군,60~69세,0
충북,영동군,70~79세,0
충북,영동군,80~89세,0
충북,영동군,90~99세,0
충북,영동군,100세 이상,0
충북,영동군,0~9세,0
충북,영동군,10~19세,0
충북,영동군,20~29세,0
충북,영동군,30~39세,0
충북,영동군,40~49세,0
충북,영동군,50~59세,0
충북,영동군,60~69세,0
충북,영동군,70~79세,0
충북,영동군,80~89세,0
충북,영동군,90~99세,0
충북,영동군,100세 이상,0
충북,옥천군,0~9세,0
충북,옥천군,10~19세,0
충북,옥천군,20~29세,0
충북,옥천군,30~39세,0
충북,옥천군,40~49세,0
충북,옥천군,50~59세,0
충북,옥천군,60~69세,0
충북,옥천군,70~79세,0
충북,옥천군,80~89세,0
충북,옥천군,90~99세,0
충북,옥천군,100세 이상,0
충북,옥천군,0~9세,0
충북,옥천군,10~19세,0
충북,옥천군,20~29세,0
충북,옥천군,30~39세,0
충북,옥천군,40~49세,0
충북,옥천군,50~59세,0
충북,옥천군,60~69세,0
충북,옥천군,70~79세,0
충북,옥천군,80~89세,0
충북,옥천군,90~99세,0
충북,옥천군,100세 이상,0
충북,음성군,0~9세,0
충북,음성군,10~19세,0
충북,음성군,20~29세,0
충북,음성군,30~39세,0
충북,음성군,40~49세,0
충북,음성군,50~59세,0
충북,음성군,60~69세,0
충북,음성군,70~79세,0
충북,음성군,80~89세,0
충북,음성군,90~99세,0
충북,음성군,100세 이상,0
충북,음성군,0~9세,0
충북,음성군,10~19세,0
충북,음성군,20~29세,0
충북,음성군,30~39세,0
충북,음성군,40~49세,0
충북,음성군,50~59세,0
충북,음성군,60~69세,0
충북,음성군,70~79세,0
충북,음성군,80~89세,0
충북,음성군,90~99세,0
충북,음성군,100세 이상,0
충북,진천군,0~9세,0
충북,진천군,10~19세,0
충북,진천군,20~29세,0
충북,진천군,30~39세,0
충북,진천군,40~49세,0
충북,진천군,50~59세,0
충북,진천군,60~69세,0
충북,진천군,70~79세,0
충북,진천군,80~89세,0
충북,진천군,90~99세,0
충북,진천군,100세 이상,0
충북,진천군,0~9세,0
충북,진천군,10~19세,0
충북,진천군,20~29세,0
충북,진천군,30~39세,0
충북,진천군,40~49세,0
충북,진천군,50~59세,0
충북,진천군,60~69세,0
충북,진천군,70~79세,0
충북,진천군,80~89세,0
충북,진천군,90~99세,0
충북,진천군,100세 이상,0
충북,증평군,0~9세,0
충북,증평군,10~19세,0
충북,증평군,20~29세,0
충북,증평군,30~39세,0
충북,증평군,40~49세,0
충북,증평군,50~59세,0
충북,증평군,60~69세,0
충북,증평군,70~79세,0
충북,증평군,80~89세,0
충북,증평군,90~99세,0
충북,증평군,100세 이상,0
충북,증평군,0~9세,0
충북,증평군,10~19세,0
충북,증평군,20~29세,0
충북,증평군,30~39세,0
충북,증평군,40~49세,0
충북,증평군,50~59세,0
충북,증평군,60~69세,0
충북,증평군,70~79세,0
충북,증평군,80~89세,0
충북,증평군,90~99세,0
충북,증평군,100세 이상,0
충북,청주상당구,0~9세,12
충북,청주상당구,10~19세,21
충북,청주상당구,20~29세,0
충북,청주상당구,30~39세,0
충북,청주상당구,40~49세,0
충북,청주상당구,50~59세,0
충북,청주상당구,60~69세,0
충북,청주상당구,70~79세,0
충북,청주상당구,80~89세,0
충북,청주상당구,90~99세,0
충북,청주상당구,100세 이상,0
충북,청주상당구,0~9세,21
충북,청주상당구,10~19세,14
충북,청주상당구,20~29세,0
충북,청주상당구,30~39세,0
충북,청주상당구,40~49세,0
충북,청주상당구,50~59세,0
충북,청주상당구,60~69세,0
충북,청주상당구,70~79세,0
충북,청주상당구,80~89세,0
충북,청주상당구,90~99세,0
충북,청주상당구,100세 이상,0
충북,청주흥덕구,0~9세,0
충북,청주흥덕구,10~19세,0
충북,청주흥덕구,20~29세,0
충북,청주흥덕구,30~39세,0
충북,청주흥덕구,40~49세,0
충북,청주흥덕구,50~59세,0
충북,청주흥덕구,60~69세,0
충북,청주흥덕구,70~79세,0
충북,청주흥덕구,80~89세,0
충북,청주흥덕구,90~99세,0
충북,청주흥덕구,100세 이상,0
충북,청주흥덕구,0~9세,0
충북,청주흥덕구,10~19세,0
충북,청주흥덕구,20~29세,0
충북,청주흥덕구,30~39세,24
충북,청주흥덕구,40~49세,30
충북,청주흥덕구,50~59세,11
충북,청주흥덕구,60~69세,0
충북,청주흥덕구,70~79세,0
충북,청주흥덕구,80~89세,0
충북,청주흥덕구,90~99세,0
충북,청주흥덕구,100세 이상,0
충북,청주청원구,0~9세,0
충북,청주청원구,10~19세,0
충북,청주청원구,20~29세,0
충북,청주청원구,30~39세,0
충북,청주청원구,40~49세,0
충북,청주청원구,50~59세,0
충북,청주청원구,60~69세,0
충북,청주청원구,70~79세,0
충북,청주청원구,80~89세,0
충북,청주청원구,90~99세,0
충북,청주청원구,100세 이상,0
충북,청주청원구,0~9세,0
충북,청주청원구,10~19세,0
충북,청주청원구,20~29세,0
충북,청주청원구,30~39세,0
충북,청주청원구,40~49세,0
충북,청주청원구,50~59세,0
충북,청주청원구,60~69세,0
충북,청주청원구,70~79세,0
충북,청주청원구,80~89세,0
충북,청주청원구,90~99세,0
충북,청주청원구,100세 이상,0
충북,청주서원구,0~9세,0
충북,청주서원구,10~19세,11
충북,청주서원구,20~29세,0
충북,청주서원구,30~39세,10
충북,청주서원구,40~49세,0
충북,청주서원구,50~59세,0
충북,청주서원구,60~69세,0
충북,청주서원구,70~79세,0
충북,청주서원구,80~89세,0
충북,청주서원구,90~99세,0
충북,청주서원구,100세 이상,0
충북,청주서원구,0~9세,0
충북,청주서원구,10~19세,0
충북,청주서원구,20~29세,0
충북,청주서원구,30~39세,24
충북,청주서원구,40~49세,16
충북,청주서원구,50~59세,18
충북,청주서원구,60~69세,0
충북,청주서원구,70~79세,0
충북,청주서원구,80~89세,0
충북,청주서원구,90~99세,0
충북,청주서원구,100세 이상,0
충북,충주시,0~9세,0
충북,충주시,10~19세,12
충북,충주시,20~29세,0
충북,충주시,30~39세,0
충북,충주시,40~49세,0
충북,충주시,50~59세,0
충북,충주시,60~69세,0
충북,충주시,70~79세,0
충북,충주시,80~89세,0
충북,충주시,90~99세,0
충북,충주시,100세 이상,0
충북,충주시,0~9세,0
충북,충주시,10~19세,0
충북,충주시,20~29세,12
충북,충주시,30~39세,0
충북,충주시,40~49세,14
충북,충주시,50~59세,14
충북,충주시,60~69세,0
충북,충주시,70~79세,0
충북,충주시,80~89세,0
충북,충주시,90~99세,0
충북,충주시,100세 이상,0
충북,제천시,0~9세,0
충북,제천시,10~19세,0
충북,제천시,20~29세,0
충북,제천시,30~39세,0
충북,제천시,40~49세,0
충북,제천시,50~59세,0
충북,제천시,60~69세,0
충북,제천시,70~79세,0
충북,제천시,80~89세,0
충북,제천시,90~99세,0
충북,제천시,100세 이상,0
충북,제천시,0~9세,0
충북,제천시,10~19세,0
충북,제천시,20~29세,0
충북,제천시,30~39세,0
충북,제천시,40~49세,0
충북,제천시,50~59세,0
충북,제천시,60~69세,0
충북,제천시,70~79세,0
충북,제천시,80~89세,0
충북,제천시,90~99세,0
충북,제천시,100세 이상,0
충남,금산군,0~9세,0
충남,금산군,10~19세,0
충남,금산군,20~29세,0
충남,금산군,30~39세,0
충남,금산군,40~49세,0
충남,금산군,50~59세,0
충남,금산군,60~69세,0
충남,금산군,70~79세,0
충남,금산군,80~89세,0
충남,금산군,90~99세,0
충남,금산군,100세 이상,0
충남,금산군,0~9세,0
충남,금산군,10~19세,0
충남,금산군,20~29세,0
충남,금산군,30~39세,0
충남,금산군,40~49세,0
충남,금산군,50~59세,0
충남,금산군,60~69세,0
충남,금산군,70~79세,0
충남,금산군,80~89세,0
충남,금산군,90~99세,0
충남,금산군,100세 이상,0
충남,부여군,0~9세,0
충남,부여군,10~19세,0
충남,부여군,20~29세,0
충남,부여군,30~39세,0
충남,부여군,40~49세,0
충남,부여군,50~59세,0
충남,부여군,60~69세,0
충남,부여군,70~79세,0
충남,부여군,80~89세,0
충남,부여군,90~99세,0
충남,부여군,100세 이상,0
충남,부여군,0~9세,0
충남,부여군,10~19세,0
충남,부여군,20~29세,0
충남,부여군,30~39세,10
충남,부여군,40~49세,18
충남,부여군,50~59세,0
충남,부여군,60~69세,0
충남,부여군,70~79세,0
충남,부여군,80~89세,0
충남,부여군,90~99세,0
충남,부여군,100세 이상,0
충남,서천군,0~9세,0
충남,서천군,10~19세,0
충남,서천군,20~29세,0
충남,서천군,30~39세,0
충남,서천군,40~49세,0
충남,서천군,50~59세,0
충남,서천군,60~69세,0
충남,서천군,70~79세,0
충남,서천군,80~89세,0
충남,서천군,90~99세,0
충남,서천군,100세 이상,0
충남,서천군,0~9세,0
충남,서천군,10~19세,0
충남,서천군,20~29세,0
충남,서천군,30~39세,0
충남,서천군,40~49세,0
충남,서천군,50~59세,0
충남,서천군,60~69세,0
충남,서천군,70~79세,0
충남,서천군,80~89세,0
충남,서천군,90~99세,0
충남,서천군,100세 이상,0
충남,예산군,0~9세,0
충남,예산군,10~19세,0
충남,예산군,20~29세,0
충남,예산군,30~39세,0
충남,예산군,40~49세,0
충남,예산군,50~59세,0
충남,예산군,60~69세,0
충남,예산군,70~79세,0
충남,예산군,80~89세,0
충남,예산군,90~99세,0
충남,예산군,100세 이상,0
충남,예산군,0~9세,0
충남,예산군,10~19세,0
충남,예산군,20~29세,0
충남,예산군,30~39세,0
충남,예산군,40~49세,16
충남,예산군,50~59세,17
충남,예산군,60~69세,0
충남,예산군,70~79세,0
충남,예산군,80~89세,0
충남,예산군,90~99세,0
충남,예산군,100세 이상,0
충남,청양군,0~9세,0
충남,청양군,10~19세,0
충남,청양군,20~29세,0
충남,청양군,30~39세,0
충남,청양군,40~49세,0
충남,청양군,50~59세,0
충남,청양군,60~69세,0
충남,청양군,70~79세,0
충남,청양군,80~89세,0
충남,청양군,90~99세,0
충남,청양군,100세 이상,0
충남,청양군,0~9세,0
충남,청양군,10~19세,0
충남,청양군,20~29세,0
충남,청양군,30~39세,0
충남,청양군,40~49세,0
충남,청양군,50~59세,0
충남,청양군,60~69세,0
충남,청양군,70~79세,0
충남,청양군,80~89세,0
충남,청양군,90~99세,0
충남,청양군,100세 이상,0
충남,홍성군,0~9세,0
충남,홍성군,10~19세,0
충남,홍성군,20~29세,0
충남,홍성군,30~39세,0
충남,홍성군,40~49세,0
충남,홍성군,50~59세,0
충남,홍성군,60~69세,0
충남,홍성군,70~79세,0
충남,홍성군,80~89세,0
충남,홍성군,90~99세,0
충남,홍성군,100세 이상,0
충남,홍성군,0~9세,0
충남,홍성군,10~19세,0
충남,홍성군,20~29세,0
충남,홍성군,30~39세,0
충남,홍성군,40~49세,0
충남,홍성군,50~59세,0
충남,홍성군,60~69세,0
충남,홍성군,70~79세,0
충남,홍성군,80~89세,0
충남,홍성군,90~99세,0
충남,홍성군,100세 이상,0
충남,태안군,0~9세,0
충남,태안군,10~19세,0
충남,태안군,20~29세,0
충남,태안군,30~39세,0
충남,태안군,40~49세,0
충남,태안군,50~59세,0
충남,태안군,60~69세,0
충남,태안군,70~79세,0
충남,태안군,80~89세,0
충남,태안군,90~99세,0
충남,태안군,100세 이상,0
충남,태안군,0~9세,0
충남,태안군,10~19세,0
충남,태안군,20~29세,0
충남,태안군,30~39세,0
충남,태안군,40~49세,17
충남,태안군,50~59세,0
충남,태안군,60~69세,0
충남,태안군,70~79세,0
충남,태안군,80~89세,0
충남,태안군,90~99세,0
충남,태안군,100세 이상,0
충남,천안서북구,0~9세,0
충남,천안서북구,10~19세,0
충남,천안서북구,20~29세,0
충남,천안서북구,30~39세,0
충남,천안서북구,40~49세,0
충남,천안서북구,50~59세,0
충남,천안서북구,60~69세,0
충남,천안서북구,70~79세,0
충남,천안서북구,80~89세,0
충남,천안서북구,90~99세,0
충남,천안서북구,100세 이상,0
충남,천안서북구,0~9세,0
충남,천안서북구,10~19세,0
충남,천안서북구,20~29세,17
충남,천안서북구,30~39세,26
충남,천안서북구,40~49세,49
충남,천안서북구,50~59세,17
충남,천안서북구,60~69세,0
충남,천안서북구,70~79세,0
충남,천안서북구,80~89세,0
충남,천안서북구,90~99세,0
충남,천안서북구,100세 이상,0
충남,천안동남구,0~9세,10
충남,천안동남구,10~19세,28
충남,천안동남구,20~29세,17
충남,천안동남구,30~39세,23
충남,천안동남구,40~49세,19
충남,천안동남구,50~59세,10
충남,천안동남구,60~69세,0
충남,천안동남구,70~79세,0
충남,천안동남구,80~89세,0
충남,천안동남구,90~99세,0
충남,천안동남구,100세 이상,0
충남,천안동남구,0~9세,0
충남,천안동남구,10~19세,13
충남,천안동남구,20~29세,0
충남,천안동남구,30~39세,24
충남,천안동남구,40~49세,28
충남,천안동남구,50~59세,17
충남,천안동남구,60~69세,12
충남,천안동남구,70~79세,0
충남,천안동남구,80~89세,0
충남,천안동남구,90~99세,0
충남,천안동남구,100세 이상,0
충남,공주시,0~9세,0
충남,공주시,10~19세,0
충남,공주시,20~29세,0
충남,공주시,30~39세,0
충남,공주시,40~49세,0
충남,공주시,50~59세,0
충남,공주시,60~69세,0
충남,공주시,70~79세,0
충남,공주시,80~89세,0
충남,공주시,90~99세,0
충남,공주시,100세 이상,0
충남,공주시,0~9세,0
충남,공주시,10~19세,0
충남,공주시,20~29세,0
충남,공주시,30~39세,0
충남,공주시,40~49세,0
충남,공주시,50~59세,0
충남,공주시,60~69세,0
충남,공주시,70~79세,0
충남,공주시,80~89세,0
충남,공주시,90~99세,0
충남,공주시,100세 이상,0
충남,보령시,0~9세,0
충남,보령시,10~19세,0
충남,보령시,20~29세,0
충남,보령시,30~39세,0
충남,보령시,40~49세,0
충남,보령시,50~59세,0
충남,보령시,60~69세,0
충남,보령시,70~79세,0
충남,보령시,80~89세,0
충남,보령시,90~99세,0
충남,보령시,100세 이상,0
충남,보령시,0~9세,0
충남,보령시,10~19세,0
충남,보령시,20~29세,10
충남,보령시,30~39세,25
충남,보령시,40~49세,44
충남,보령시,50~59세,27
충남,보령시,60~69세,0
충남,보령시,70~79세,0
충남,보령시,80~89세,0
충남,보령시,90~99세,0
충남,보령시,100세 이상,0
충남,아산시,0~9세,0
충남,아산시,10~19세,0
충남,아산시,20~29세,0
충남,아산시,30~39세,17
충남,아산시,40~49세,0
충남,아산시,50~59세,0
충남,아산시,60~69세,0
충남,아산시,70~79세,0
충남,아산시,80~89세,0
충남,아산시,90~99세,0
충남,아산시,100세 이상,0
충남,아산시,0~9세,0
충남,아산시,10~19세,0
충남,아산시,20~29세,0
충남,아산시,30~39세,25
충남,아산시,40~49세,24
충남,아산시,50~59세,0
충남,아산시,60~69세,0
충남,아산시,70~79세,0
충남,아산시,80~89세,0
충남,아산시,90~99세,0
충남,아산시,100세 이상,0
충남,서산시,0~9세,0
충남,서산시,10~19세,0
충남,서산시,20~29세,0
충남,서산시,30~39세,0
충남,서산시,40~49세,0
충남,서산시,50~59세,0
충남,서산시,60~69세,0
충남,서산시,70~79세,0
충남,서산시,80~89세,0
충남,서산시,90~99세,0
충남,서산시,100세 이상,0
충남,서산시,0~9세,0
충남,서산시,10~19세,0
충남,서산시,20~29세,0
충남,서산시,30~39세,12
충남,서산시,40~49세,10
충남,서산시,50~59세,10
충남,서산시,60~69세,0
충남,서산시,70~79세,0
충남,서산시,80~89세,0
충남,서산시,90~99세,0
충남,서산시,100세 이상,0
충남,논산시,0~9세,0
충남,논산시,10~19세,0
충남,논산시,20~29세,0
충남,논산시,30~39세,0
충남,논산시,40~49세,0
충남,논산시,50~59세,0
충남,논산시,60~69세,0
충남,논산시,70~79세,0
충남,논산시,80~89세,0
충남,논산시,90~99세,0
충남,논산시,100세 이상,0
충남,논산시,0~9세,0
충남,논산시,10~19세,0
충남,논산시,20~29세,0
충남,논산시,30~39세,0
충남,논산시,40~49세,10
충남,논산시,50~59세,0
충남,논산시,60~69세,0
충남,논산시,70~79세,0
충남,논산시,80~89세,0
충남,논산시,90~99세,0
충남,논산시,100세 이상,0
충남,계룡시,0~9세,0
충남,계룡시,10~19세,0
충남,계룡시,20~29세,0
충남,계룡시,30~39세,0
충남,계룡시,40~49세,0
충남,계룡시,50~59세,0
충남,계룡시,60~69세,0
충남,계룡시,70~79세,0
충남,계룡시,80~89세,0
충남,계룡시,90~99세,0
충남,계룡시,100세 이상,0
충남,계룡시,0~9세,0
충남,계룡시,10~19세,0
충남,계룡시,20~29세,0
충남,계룡시,30~39세,0
충남,계룡시,40~49세,0
충남,계룡시,50~59세,0
충남,계룡시,60~69세,0
충남,계룡시,70~79세,0
충남,계룡시,80~89세,0
충남,계룡시,90~99세,0
충남,계룡시,100세 이상,0
충남,당진시,0~9세,0
충남,당진시,10~19세,0
충남,당진시,20~29세,0
충남,당진시,30~39세,0
충남,당진시,40~49세,0
충남,당진시,50~59세,0
충남,당진시,60~69세,0
충남,당진시,70~79세,0
충남,당진시,80~89세,0
충남,당진시,90~99세,0
충남,당진시,100세 이상,0
충남,당진시,0~9세,0
충남,당진시,10~19세,0
충남,당진시,20~29세,0
충남,당진시,30~39세,0
충남,당진시,40~49세,0
충남,당진시,50~59세,0
충남,당진시,60~69세,0
충남,당진시,70~79세,0
충남,당진시,80~89세,0
충남,당진시,90~99세,0
충남,당진시,100세 이상,0
전북,고창군,0~9세,0
전북,고창군,10~19세,0
전북,고창군,20~29세,0
전북,고창군,30~39세,0
전북,고창군,40~49세,0
전북,고창군,50~59세,0
전북,고창군,60~69세,0
전북,고창군,70~79세,0
전북,고창군,80~89세,0
전북,고창군,90~99세,0
전북,고창군,100세 이상,0
전북,고창군,0~9세,0
전북,고창군,10~19세,0
전북,고창군,20~29세,0
전북,고창군,30~39세,0
전북,고창군,40~49세,0
전북,고창군,50~59세,0
전북,고창군,60~69세,0
전북,고창군,70~79세,0
전북,고창군,80~89세,0
전북,고창군,90~99세,0
전북,고창군,100세 이상,0
전북,무주군,0~9세,0
전북,무주군,10~19세,0
전북,무주군,20~29세,0
전북,무주군,30~39세,0
전북,무주군,40~49세,0
전북,무주군,50~59세,0
전북,무주군,60~69세,0
전북,무주군,70~79세,0
전북,무주군,80~89세,0
전북,무주군,90~99세,0
전북,무주군,100세 이상,0
전북,무주군,0~9세,0
전북,무주군,10~19세,0
전북,무주군,20~29세,0
전북,무주군,30~39세,0
전북,무주군,40~49세,0
전북,무주군,50~59세,0
전북,무주군,60~69세,0
전북,무주군,70~79세,0
전북,무주군,80~89세,0
전북,무주군,90~99세,0
전북,무주군,100세 이상,0
전북,부안군,0~9세,0
전북,부안군,10~19세,0
전북,부안군,20~29세,0
전북,부안군,30~39세,0
전북,부안군,40~49세,0
전북,부안군,50~59세,0
전북,부안군,60~69세,0
전북,부안군,70~79세,0
전북,부안군,80~89세,0
전북,부안군,90~99세,0
전북,부안군,100세 이상,0
전북,부안군,0~9세,0
전북,부안군,10~19세,0
전북,부안군,20~29세,0
전북,부안군,30~39세,0
전북,부안군,40~49세,0
전북,부안군,50~59세,0
전북,부안군,60~69세,0
전북,부안군,70~79세,0
전북,부안군,80~89세,0
전북,부안군,90~99세,0
전북,부안군,100세 이상,0
전북,순창군,0~9세,0
전북,순창군,10~19세,0
전북,순창군,20~29세,0
전북,순창군,30~39세,0
전북,순창군,40~49세,0
전북,순창군,50~59세,0
전북,순창군,60~69세,0
전북,순창군,70~79세,0
전북,순창군,80~89세,0
전북,순창군,90~99세,0
전북,순창군,100세 이상,0
전북,순창군,0~9세,0
전북,순창군,10~19세,0
전북,순창군,20~29세,0
전북,순창군,30~39세,0
전북,순창군,40~49세,0
전북,순창군,50~59세,0
전북,순창군,60~69세,0
전북,순창군,70~79세,0
전북,순창군,80~89세,0
전북,순창군,90~99세,0
전북,순창군,100세 이상,0
전북,완주군,0~9세,0
전북,완주군,10~19세,0
전북,완주군,20~29세,0
전북,완주군,30~39세,0
전북,완주군,40~49세,0
전북,완주군,50~59세,0
전북,완주군,60~69세,0
전북,완주군,70~79세,0
전북,완주군,80~89세,0
전북,완주군,90~99세,0
전북,완주군,100세 이상,0
전북,완주군,0~9세,0
전북,완주군,10~19세,0
전북,완주군,20~29세,0
전북,완주군,30~39세,0
전북,완주군,40~49세,0
전북,완주군,50~59세,0
전북,완주군,60~69세,0
전북,완주군,70~79세,0
전북,완주군,80~89세,0
전북,완주군,90~99세,0
전북,완주군,100세 이상,0
전북,임실군,0~9세,0
전북,임실군,10~19세,0
전북,임실군,20~29세,0
전북,임실군,30~39세,0
전북,임실군,40~49세,0
전북,임실군,50~59세,0
전북,임실군,60~69세,0
전북,임실군,70~79세,0
전북,임실군,80~89세,0
전북,임실군,90~99세,0
전북,임실군,100세 이상,0
전북,임실군,0~9세,0
전북,임실군,10~19세,0
전북,임실군,20~29세,0
전북,임실군,30~39세,0
전북,임실군,40~49세,0
전북,임실군,50~59세,0
전북,임실군,60~69세,0
전북,임실군,70~79세,0
전북,임실군,80~89세,0
전북,임실군,90~99세,0
전북,임실군,100세 이상,0
전북,장수군,0~9세,0
전북,장수군,10~19세,0
전북,장수군,20~29세,0
전북,장수군,30~39세,0
전북,장수군,40~49세,0
전북,장수군,50~59세,0
전북,장수군,60~69세,0
전북,장수군,70~79세,0
전북,장수군,80~89세,0
전북,장수군,90~99세,0
전북,장수군,100세 이상,0
전북,장수군,0~9세,0
전북,장수군,10~19세,0
전북,장수군,20~29세,0
전북,장수군,30~39세,0
전북,장수군,40~49세,0
전북,장수군,50~59세,0
전북,장수군,60~69세,0
전북,장수군,70~79세,0
전북,장수군,80~89세,0
전북,장수군,90~99세,0
전북,장수군,100세 이상,0
전북,진안군,0~9세,0
전북,진안군,10~19세,0
전북,진안군,20~29세,0
전북,진안군,30~39세,0
전북,진안군,40~49세,0
전북,진안군,50~59세,0
전북,진안군,60~69세,0
전북,진안군,70~79세,0
전북,진안군,80~89세,0
전북,진안군,90~99세,0
전북,진안군,100세 이상,0
전북,진안군,0~9세,0
전북,진안군,10~19세,0
전북,진안군,20~29세,0
전북,진안군,30~39세,0
전북,진안군,40~49세,0
전북,진안군,50~59세,0
전북,진안군,60~69세,0
전북,진안군,70~79세,0
전북,진안군,80~89세,0
전북,진안군,90~99세,0
전북,진안군,100세 이상,0
전북,군산시,0~9세,0
전북,군산시,10~19세,0
전북,군산시,20~29세,0
전북,군산시,30~39세,0
전북,군산시,40~49세,0
전북,군산시,50~59세,0
전북,군산시,60~69세,0
전북,군산시,70~79세,0
전북,군산시,80~89세,0
전북,군산시,90~99세,0
전북,군산시,100세 이상,0
전북,군산시,0~9세,0
전북,군산시,10~19세,0
전북,군산시,20~29세,0
전북,군산시,30~39세,0
전북,군산시,40~49세,16
전북,군산시,50~59세,12
전북,군산시,60~69세,0
전북,군산시,70~79세,0
전북,군산시,80~89세,0
전북,군산시,90~99세,0
전북,군산시,100세 이상,0
전북,남원시,0~9세,0
전북,남원시,10~19세,0
전북,남원시,20~29세,0
전북,남원시,30~39세,0
전북,남원시,40~49세,0
전북,남원시,50~59세,0
전북,남원시,60~69세,0
전북,남원시,70~79세,0
전북,남원시,80~89세,0
전북,남원시,90~99세,0
전북,남원시,100세 이상,0
전북,남원시,0~9세,0
전북,남원시,10~19세,0
전북,남원시,20~29세,0
전북,남원시,30~39세,0
전북,남원시,40~49세,0
전북,남원시,50~59세,0
전북,남원시,60~69세,0
전북,남원시,70~79세,0
전북,남원시,80~89세,0
전북,남원시,90~99세,0
전북,남원시,100세 이상,0
전북,익산시,0~9세,0
전북,익산시,10~19세,12
전북,익산시,20~29세,0
전북,익산시,30~39세,12
전북,익산시,40~49세,0
전북,익산시,50~59세,0
전북,익산시,60~69세,0
전북,익산시,70~79세,0
전북,익산시,80~89세,0
전북,익산시,90~99세,0
전북,익산시,100세 이상,0
전북,익산시,0~9세,0
전북,익산시,10~19세,0
전북,익산시,20~29세,0
전북,익산시,30~39세,14
전북,익산시,40~49세,22
전북,익산시,50~59세,21
전북,익산시,60~69세,0
전북,익산시,70~79세,0
전북,익산시,80~89세,0
전북,익산시,90~99세,0
전북,익산시,100세 이상,0
전북,전주완산구,0~9세,0
전북,전주완산구,10~19세,0
전북,전주완산구,20~29세,0
전북,전주완산구,30~39세,0
전북,전주완산구,40~49세,0
전북,전주완산구,50~59세,0
전북,전주완산구,60~69세,0
전북,전주완산구,70~79세,0
전북,전주완산구,80~89세,0
전북,전주완산구,90~99세,0
전북,전주완산구,100세 이상,0
전북,전주완산구,0~9세,0
전북,전주완산구,10~19세,0
전북,전주완산구,20~29세,0
전북,전주완산구,30~39세,0
전북,전주완산구,40~49세,0
전북,전주완산구,50~59세,10
전북,전주완산구,60~69세,0
전북,전주완산구,70~79세,0
전북,전주완산구,80~89세,0
전북,전주완산구,90~99세,0
전북,전주완산구,100세 이상,0
전북,전주덕진구,0~9세,0
전북,전주덕진구,10~19세,30
전북,전주덕진구,20~29세,0
전북,전주덕진구,30~39세,0
전북,전주덕진구,40~49세,0
전북,전주덕진구,50~59세,0
전북,전주덕진구,60~69세,0
전북,전주덕진구,70~79세,0
전북,전주덕진구,80~89세,0
전북,전주덕진구,90~99세,0
전북,전주덕진구,100세 이상,0
전북,전주덕진구,0~9세,0
전북,전주덕진구,10~19세,16
전북,전주덕진구,20~29세,0
전북,전주덕진구,30~39세,0
전북,전주덕진구,40~49세,17
전북,전주덕진구,50~59세,0
전북,전주덕진구,60~69세,0
전북,전주덕진구,70~79세,0
전북,전주덕진구,80~89세,0
전북,전주덕진구,90~99세,0
전북,전주덕진구,100세 이상,0
전북,정읍시,0~9세,0
전북,정읍시,10~19세,0
전북,정읍시,20~29세,0
전북,정읍시,30~39세,0
전북,정읍시,40~49세,0
전북,정읍시,50~59세,0
전북,정읍시,60~69세,0
전북,정읍시,70~79세,0
전북,정읍시,80~89세,0
전북,정읍시,90~99세,0
전북,정읍시,100세 이상,0
전북,정읍시,0~9세,0
전북,정읍시,10~19세,0
전북,정읍시,20~29세,0
전북,정읍시,30~39세,0
전북,정읍시,40~49세,0
전북,정읍시,50~59세,0
전북,정읍시,60~69세,0
전북,정읍시,70~79세,0
전북,정읍시,80~89세,0
전북,정읍시,90~99세,0
전북,정읍시,100세 이상,0
전북,김제시,0~9세,0
전북,김제시,10~19세,0
전북,김제시,20~29세,0
전북,김제시,30~39세,0
전북,김제시,40~49세,0
전북,김제시,50~59세,0
전북,김제시,60~69세,0
전북,김제시,70~79세,0
전북,김제시,80~89세,0
전북,김제시,90~99세,0
전북,김제시,100세 이상,0
전북,김제시,0~9세,0
전북,김제시,10~19세,0
전북,김제시,20~29세,0
전북,김제시,30~39세,0
전북,김제시,40~49세,0
전북,김제시,50~59세,0
전북,김제시,60~69세,0
전북,김제시,70~79세,0
전북,김제시,80~89세,0
전북,김제시,90~99세,0
전북,김제시,100세 이상,0
전남,강진군,0~9세,0
전남,강진군,10~19세,0
전남,강진군,20~29세,0
전남,강진군,30~39세,0
전남,강진군,40~49세,0
전남,강진군,50~59세,0
전남,강진군,60~69세,0
전남,강진군,70~79세,0
전남,강진군,80~89세,0
전남,강진군,90~99세,0
전남,강진군,100세 이상,0
전남,강진군,0~9세,0
전남,강진군,10~19세,0
전남,강진군,20~29세,0
전남,강진군,30~39세,0
전남,강진군,40~49세,0
전남,강진군,50~59세,0
전남,강진군,60~69세,0
전남,강진군,70~79세,0
전남,강진군,80~89세,0
전남,강진군,90~99세,0
전남,강진군,100세 이상,0
전남,고흥군,0~9세,0
전남,고흥군,10~19세,0
전남,고흥군,20~29세,0
전남,고흥군,30~39세,0
전남,고흥군,40~49세,0
전남,고흥군,50~59세,0
전남,고흥군,60~69세,0
전남,고흥군,70~79세,0
전남,고흥군,80~89세,0
전남,고흥군,90~99세,0
전남,고흥군,100세 이상,0
전남,고흥군,0~9세,0
전남,고흥군,10~19세,0
전남,고흥군,20~29세,0
전남,고흥군,30~39세,0
전남,고흥군,40~49세,0
전남,고흥군,50~59세,0
전남,고흥군,60~69세,0
전남,고흥군,70~79세,0
전남,고흥군,80~89세,0
전남,고흥군,90~99세,0
전남,고흥군,100세 이상,0
전남,곡성군,0~9세,0
전남,곡성군,10~19세,0
전남,곡성군,20~29세,0
전남,곡성군,30~39세,0
전남,곡성군,40~49세,0
전남,곡성군,50~59세,0
전남,곡성군,60~69세,0
전남,곡성군,70~79세,0
전남,곡성군,80~89세,0
전남,곡성군,90~99세,0
전남,곡성군,100세 이상,0
전남,곡성군,0~9세,0
전남,곡성군,10~19세,0
전남,곡성군,20~29세,0
전남,곡성군,30~39세,0
전남,곡성군,40~49세,0
전남,곡성군,50~59세,0
전남,곡성군,60~69세,0
전남,곡성군,70~79세,0
전남,곡성군,80~89세,0
전남,곡성군,90~99세,0
전남,곡성군,100세 이상,0
전남,구례군,0~9세,0
전남,구례군,10~19세,0
전남,구례군,20~29세,0
전남,구례군,30~39세,0
전남,구례군,40~49세,0
전남,구례군,50~59세,0
전남,구례군,60~69세,0
전남,구례군,70~79세,0
전남,구례군,80~89세,0
전남,구례군,90~99세,0
전남,구례군,100세 이상,0
전남,구례군,0~9세,0
전남,구례군,10~19세,0
전남,구례군,20~29세,0
전남,구례군,30~39세,0
전남,구례군,40~49세,0
전남,구례군,50~59세,0
전남,구례군,60~69세,0
전남,구례군,70~79세,0
전남,구례군,80~89세,0
전남,구례군,90~99세,0
전남,구례군,100세 이상,0
전남,담양군,0~9세,0
전남,담양군,10~19세,0
전남,담양군,20~29세,0
전남,담양군,30~39세,0
전남,담양군,40~49세,0
전남,담양군,50~59세,0
전남,담양군,60~69세,0
전남,담양군,70~79세,0
전남,담양군,80~89세,0
전남,담양군,90~99세,0
전남,담양군,100세 이상,0
전남,담양군,0~9세,0
전남,담양군,10~19세,0
전남,담양군,20~29세,0
전남,담양군,30~39세,0
전남,담양군,40~49세,0
전남,담양군,50~59세,0
전남,담양군,60~69세,0
전남,담양군,70~79세,0
전남,담양군,80~89세,0
전남,담양군,90~99세,0
전남,담양군,100세 이상,0
전남,무안군,0~9세,0
전남,무안군,10~19세,0
전남,무안군,20~29세,0
전남,무안군,30~39세,0
전남,무안군,40~49세,0
전남,무안군,50~59세,0
전남,무안군,60~69세,0
전남,무안군,70~79세,0
전남,무안군,80~89세,0
전남,무안군,90~99세,0
전남,무안군,100세 이상,0
전남,무안군,0~9세,0
전남,무안군,10~19세,0
전남,무안군,20~29세,0
전남,무안군,30~39세,0
전남,무안군,40~49세,0
전남,무안군,50~59세,0
전남,무안군,60~69세,0
전남,무안군,70~79세,0
전남,무안군,80~89세,0
전남,무안군,90~99세,0
전남,무안군,100세 이상,0
전남,보성군,0~9세,0
전남,보성군,10~19세,0
전남,보성군,20~29세,0
전남,보성군,30~39세,0
전남,보성군,40~49세,0
전남,보성군,50~59세,0
전남,보성군,60~69세,0
전남,보성군,70~79세,0
전남,보성군,80~89세,0
전남,보성군,90~99세,0
전남,보성군,100세 이상,0
전남,보성군,0~9세,0
전남,보성군,10~19세,0
전남,보성군,20~29세,0
전남,보성군,30~39세,0
전남,보성군,40~49세,0
전남,보성군,50~59세,0
전남,보성군,60~69세,0
전남,보성군,70~79세,0
전남,보성군,80~89세,0
전남,보성군,90~99세,0
전남,보성군,100세 이상,0
전남,신안군,0~9세,0
전남,신안군,10~19세,0
전남,신안군,20~29세,0
전남,신안군,30~39세,0
전남,신안군,40~49세,0
전남,신안군,50~59세,0
전남,신안군,60~69세,0
전남,신안군,70~79세,0
전남,신안군,80~89세,0
전남,신안군,90~99세,0
전남,신안군,100세 이상,0
전남,신안군,0~9세,0
전남,신안군,10~19세,0
전남,신안군,20~29세,0
전남,신안군,30~39세,0
전남,신안군,40~49세,0
전남,신안군,50~59세,0
전남,신안군,60~69세,0
전남,신안군,70~79세,0
전남,신안군,80~89세,0
전남,신안군,90~99세,0
전남,신안군,100세 이상,0
전남,영광군,0~9세,0
전남,영광군,10~19세,0
전남,영광군,20~29세,0
전남,영광군,30~39세,0
전남,영광군,40~49세,0
전남,영광군,50~59세,0
전남,영광군,60~69세,0
전남,영광군,70~79세,0
전남,영광군,80~89세,0
전남,영광군,90~99세,0
전남,영광군,100세 이상,0
전남,영광군,0~9세,0
전남,영광군,10~19세,0
전남,영광군,20~29세,0
전남,영광군,30~39세,0
전남,영광군,40~49세,0
전남,영광군,50~59세,0
전남,영광군,60~69세,0
전남,영광군,70~79세,0
전남,영광군,80~89세,0
전남,영광군,90~99세,0
전남,영광군,100세 이상,0
전남,영암군,0~9세,0
전남,영암군,10~19세,0
전남,영암군,20~29세,0
전남,영암군,30~39세,0
전남,영암군,40~49세,0
전남,영암군,50~59세,0
전남,영암군,60~69세,0
전남,영암군,70~79세,0
전남,영암군,80~89세,0
전남,영암군,90~99세,0
전남,영암군,100세 이상,0
전남,영암군,0~9세,0
전남,영암군,10~19세,0
전남,영암군,20~29세,0
전남,영암군,30~39세,0
전남,영암군,40~49세,0
전남,영암군,50~59세,0
전남,영암군,60~69세,0
전남,영암군,70~79세,0
전남,영암군,80~89세,0
전남,영암군,90~99세,0
전남,영암군,100세 이상,0
전남,완도군,0~9세,0
전남,완도군,10~19세,10
전남,완도군,20~29세,0
전남,완도군,30~39세,0
전남,완도군,40~49세,0
전남,완도군,50~59세,0
전남,완도군,60~69세,0
전남,완도군,70~79세,0
전남,완도군,80~89세,0
전남,완도군,90~99세,0
전남,완도군,100세 이상,0
전남,완도군,0~9세,0
전남,완도군,10~19세,0
전남,완도군,20~29세,0
전남,완도군,30~39세,0
전남,완도군,40~49세,0
전남,완도군,50~59세,0
전남,완도군,60~69세,0
전남,완도군,70~79세,0
전남,완도군,80~89세,0
전남,완도군,90~99세,0
전남,완도군,100세 이상,0
전남,장성군,0~9세,0
전남,장성군,10~19세,0
전남,장성군,20~29세,0
전남,장성군,30~39세,0
전남,장성군,40~49세,0
전남,장성군,50~59세,0
전남,장성군,60~69세,0
전남,장성군,70~79세,0
전남,장성군,80~89세,0
전남,장성군,90~99세,0
전남,장성군,100세 이상,0
전남,장성군,0~9세,0
전남,장성군,10~19세,0
전남,장성군,20~29세,0
전남,장성군,30~39세,0
전남,장성군,40~49세,0
전남,장성군,50~59세,0
전남,장성군,60~69세,0
전남,장성군,70~79세,0
전남,장성군,80~89세,0
전남,장성군,90~99세,0
전남,장성군,100세 이상,0
전남,장흥군,0~9세,0
전남,장흥군,10~19세,0
전남,장흥군,20~29세,0
전남,장흥군,30~39세,0
전남,장흥군,40~49세,0
전남,장흥군,50~59세,0
전남,장흥군,60~69세,0
전남,장흥군,70~79세,0
전남,장흥군,80~89세,0
전남,장흥군,90~99세,0
전남,장흥군,100세 이상,0
전남,장흥군,0~9세,0
전남,장흥군,10~19세,0
전남,장흥군,20~29세,0
전남,장흥군,30~39세,0
전남,장흥군,40~49세,0
전남,장흥군,50~59세,0
전남,장흥군,60~69세,0
전남,장흥군,70~79세,0
전남,장흥군,80~89세,0
전남,장흥군,90~99세,0
전남,장흥군,100세 이상,0
전남,진도군,0~9세,0
전남,진도군,10~19세,0
전남,진도군,20~29세,0
전남,진도군,30~39세,0
전남,진도군,40~49세,0
전남,진도군,50~59세,0
전남,진도군,60~69세,0
전남,진도군,70~79세,0
전남,진도군,80~89세,0
전남,진도군,90~99세,0
전남,진도군,100세 이상,0
전남,진도군,0~9세,0
전남,진도군,10~19세,0
전남,진도군,20~29세,0
전남,진도군,30~39세,0
전남,진도군,40~49세,14
전남,진도군,50~59세,0
전남,진도군,60~69세,0
전남,진도군,70~79세,0
전남,진도군,80~89세,0
전남,진도군,90~99세,0
전남,진도군,100세 이상,0
전남,함평군,0~9세,0
전남,함평군,10~19세,0
전남,함평군,20~29세,0
전남,함평군,30~39세,0
전남,함평군,40~49세,0
전남,함평군,50~59세,0
전남,함평군,60~69세,0
전남,함평군,70~79세,0
전남,함평군,80~89세,0
전남,함평군,90~99세,0
전남,함평군,100세 이상,0
전남,함평군,0~9세,0
전남,함평군,10~19세,0
전남,함평군,20~29세,0
전남,함평군,30~39세,0
전남,함평군,40~49세,0
전남,함평군,50~59세,0
전남,함평군,60~69세,0
전남,함평군,70~79세,0
전남,함평군,80~89세,0
전남,함평군,90~99세,0
전남,함평군,100세 이상,0
전남,해남군,0~9세,0
전남,해남군,10~19세,0
전남,해남군,20~29세,0
전남,해남군,30~39세,0
전남,해남군,40~49세,0
전남,해남군,50~59세,0
전남,해남군,60~69세,0
전남,해남군,70~79세,0
전남,해남군,80~89세,0
전남,해남군,90~99세,0
전남,해남군,100세 이상,0
전남,해남군,0~9세,0
전남,해남군,10~19세,0
전남,해남군,20~29세,0
전남,해남군,30~39세,0
전남,해남군,40~49세,0
전남,해남군,50~59세,0
전남,해남군,60~69세,0
전남,해남군,70~79세,0
전남,해남군,80~89세,0
전남,해남군,90~99세,0
전남,해남군,100세 이상,0
전남,화순군,0~9세,0
전남,화순군,10~19세,0
전남,화순군,20~29세,0
전남,화순군,30~39세,0
전남,화순군,40~49세,0
전남,화순군,50~59세,0
전남,화순군,60~69세,0
전남,화순군,70~79세,0
전남,화순군,80~89세,0
전남,화순군,90~99세,0
전남,화순군,100세 이상,0
전남,화순군,0~9세,0
전남,화순군,10~19세,0
전남,화순군,20~29세,0
전남,화순군,30~39세,0
전남,화순군,40~49세,0
전남,화순군,50~59세,0
전남,화순군,60~69세,0
전남,화순군,70~79세,0
전남,화순군,80~89세,0
전남,화순군,90~99세,0
전남,화순군,100세 이상,0
전남,나주시,0~9세,0
전남,나주시,10~19세,0
전남,나주시,20~29세,0
전남,나주시,30~39세,0
전남,나주시,40~49세,0
전남,나주시,50~59세,0
전남,나주시,60~69세,0
전남,나주시,70~79세,0
전남,나주시,80~89세,0
전남,나주시,90~99세,0
전남,나주시,100세 이상,0
전남,나주시,0~9세,0
전남,나주시,10~19세,0
전남,나주시,20~29세,0
전남,나주시,30~39세,17
전남,나주시,40~49세,22
전남,나주시,50~59세,0
전남,나주시,60~69세,0
전남,나주시,70~79세,0
전남,나주시,80~89세,0
전남,나주시,90~99세,0
전남,나주시,100세 이상,0
전남,목포시,0~9세,0
전남,목포시,10~19세,39
전남,목포시,20~29세,0
전남,목포시,30~39세,0
전남,목포시,40~49세,0
전남,목포시,50~59세,0
전남,목포시,60~69세,0
전남,목포시,70~79세,0
전남,목포시,80~89세,0
전남,목포시,90~99세,0
전남,목포시,100세 이상,0
전남,목포시,0~9세,0
전남,목포시,10~19세,24
전남,목포시,20~29세,0
전남,목포시,30~39세,16
전남,목포시,40~49세,17
전남,목포시,50~59세,17
전남,목포시,60~69세,0
전남,목포시,70~79세,0
전남,목포시,80~89세,0
전남,목포시,90~99세,0
전남,목포시,100세 이상,0
전남,순천시,0~9세,0
전남,순천시,10~19세,0
전남,순천시,20~29세,0
전남,순천시,30~39세,0
전남,순천시,40~49세,0
전남,순천시,50~59세,0
전남,순천시,60~69세,0
전남,순천시,70~79세,0
전남,순천시,80~89세,0
전남,순천시,90~99세,0
전남,순천시,100세 이상,0
전남,순천시,0~9세,0
전남,순천시,10~19세,0
전남,순천시,20~29세,0
전남,순천시,30~39세,0
전남,순천시,40~49세,0
전남,순천시,50~59세,0
전남,순천시,60~69세,0
전남,순천시,70~79세,0
전남,순천시,80~89세,0
전남,순천시,90~99세,0
전남,순천시,100세 이상,0
전남,여수시,0~9세,0
전남,여수시,10~19세,12
전남,여수시,20~29세,0
전남,여수시,30~39세,0
전남,여수시,40~49세,0
전남,여수시,50~59세,0
전남,여수시,60~69세,0
전남,여수시,70~79세,0
전남,여수시,80~89세,0
전남,여수시,90~99세,0
전남,여수시,100세 이상,0
전남,여수시,0~9세,0
전남,여수시,10~19세,0
전남,여수시,20~29세,0
전남,여수시,30~39세,0
전남,여수시,40~49세,10
전남,여수시,50~59세,14
전남,여수시,60~69세,0
전남,여수시,70~79세,0
전남,여수시,80~89세,0
전남,여수시,90~99세,0
전남,여수시,100세 이상,0
전남,광양시,0~9세,0
전남,광양시,10~19세,0
전남,광양시,20~29세,0
전남,광양시,30~39세,0
전남,광양시,40~49세,0
전남,광양시,50~59세,0
전남,광양시,60~69세,0
전남,광양시,70~79세,0
전남,광양시,80~89세,0
전남,광양시,90~99세,0
전남,광양시,100세 이상,0
전남,광양시,0~9세,0
전남,광양시,10~19세,0
전남,광양시,20~29세,0
전남,광양시,30~39세,0
전남,광양시,40~49세,0
전남,광양시,50~59세,0
전남,광양시,60~69세,0
전남,광양시,70~79세,0
전남,광양시,80~89세,0
전남,광양시,90~99세,0
전남,광양시,100세 이상,0
경북,고령군,0~9세,0
경북,고령군,10~19세,0
경북,고령군,20~29세,0
경북,고령군,30~39세,0
경북,고령군,40~49세,0
경북,고령군,50~59세,0
경북,고령군,60~69세,0
경북,고령군,70~79세,0
경북,고령군,80~89세,0
경북,고령군,90~99세,0
경북,고령군,100세 이상,0
경북,고령군,0~9세,0
경북,고령군,10~19세,0
경북,고령군,20~29세,0
경북,고령군,30~39세,0
경북,고령군,40~49세,0
경북,고령군,50~59세,0
경북,고령군,60~69세,0
경북,고령군,70~79세,0
경북,고령군,80~89세,0
경북,고령군,90~99세,0
경북,고령군,100세 이상,0
경북,군위군,0~9세,0
경북,군위군,10~19세,0
경북,군위군,20~29세,0
경북,군위군,30~39세,0
경북,군위군,40~49세,0
경북,군위군,50~59세,0
경북,군위군,60~69세,0
경북,군위군,70~79세,0
경북,군위군,80~89세,0
경북,군위군,90~99세,0
경북,군위군,100세 이상,0
경북,군위군,0~9세,0
경북,군위군,10~19세,0
경북,군위군,20~29세,0
경북,군위군,30~39세,0
경북,군위군,40~49세,0
경북,군위군,50~59세,0
경북,군위군,60~69세,0
경북,군위군,70~79세,0
경북,군위군,80~89세,0
경북,군위군,90~99세,0
경북,군위군,100세 이상,0
경북,봉화군,0~9세,0
경북,봉화군,10~19세,0
경북,봉화군,20~29세,0
경북,봉화군,30~39세,0
경북,봉화군,40~49세,0
경북,봉화군,50~59세,0
경북,봉화군,60~69세,0
경북,봉화군,70~79세,0
경북,봉화군,80~89세,0
경북,봉화군,90~99세,0
경북,봉화군,100세 이상,0
경북,봉화군,0~9세,0
경북,봉화군,10~19세,0
경북,봉화군,20~29세,0
경북,봉화군,30~39세,0
경북,봉화군,40~49세,0
경북,봉화군,50~59세,0
경북,봉화군,60~69세,0
경북,봉화군,70~79세,0
경북,봉화군,80~89세,0
경북,봉화군,90~99세,0
경북,봉화군,100세 이상,0
경북,성주군,0~9세,0
경북,성주군,10~19세,0
경북,성주군,20~29세,0
경북,성주군,30~39세,0
경북,성주군,40~49세,0
경북,성주군,50~59세,0
경북,성주군,60~69세,0
경북,성주군,70~79세,0
경북,성주군,80~89세,0
경북,성주군,90~99세,0
경북,성주군,100세 이상,0
경북,성주군,0~9세,0
경북,성주군,10~19세,0
경북,성주군,20~29세,0
경북,성주군,30~39세,0
경북,성주군,40~49세,0
경북,성주군,50~59세,0
경북,성주군,60~69세,0
경북,성주군,70~79세,0
경북,성주군,80~89세,0
경북,성주군,90~99세,0
경북,성주군,100세 이상,0
경북,영덕군,0~9세,0
경북,영덕군,10~19세,0
경북,영덕군,20~29세,0
경북,영덕군,30~39세,0
경북,영덕군,40~49세,0
경북,영덕군,50~59세,0
경북,영덕군,60~69세,0
경북,영덕군,70~79세,0
경북,영덕군,80~89세,0
경북,영덕군,90~99세,0
경북,영덕군,100세 이상,0
경북,영덕군,0~9세,0
경북,영덕군,10~19세,0
경북,영덕군,20~29세,0
경북,영덕군,30~39세,0
경북,영덕군,40~49세,0
경북,영덕군,50~59세,0
경북,영덕군,60~69세,0
경북,영덕군,70~79세,0
경북,영덕군,80~89세,0
경북,영덕군,90~99세,0
경북,영덕군,100세 이상,0
경북,영양군,0~9세,0
경북,영양군,10~19세,0
경북,영양군,20~29세,0
경북,영양군,30~39세,0
경북,영양군,40~49세,0
경북,영양군,50~59세,0
경북,영양군,60~69세,0
경북,영양군,70~79세,0
경북,영양군,80~89세,0
경북,영양군,90~99세,0
경북,영양군,100세 이상,0
경북,영양군,0~9세,0
경북,영양군,10~19세,0
경북,영양군,20~29세,0
경북,영양군,30~39세,0
경북,영양군,40~49세,0
경북,영양군,50~59세,0
경북,영양군,60~69세,0
경북,영양군,70~79세,0
경북,영양군,80~89세,0
경북,영양군,90~99세,0
경북,영양군,100세 이상,0
경북,예천군,0~9세,0
경북,예천군,10~19세,0
경북,예천군,20~29세,0
경북,예천군,30~39세,0
경북,예천군,40~49세,0
경북,예천군,50~59세,0
경북,예천군,60~69세,0
경북,예천군,70~79세,0
경북,예천군,80~89세,0
경북,예천군,90~99세,0
경북,예천군,100세 이상,0
경북,예천군,0~9세,0
경북,예천군,10~19세,0
경북,예천군,20~29세,0
경북,예천군,30~39세,0
경북,예천군,40~49세,0
경북,예천군,50~59세,0
경북,예천군,60~69세,0
경북,예천군,70~79세,0
경북,예천군,80~89세,0
경북,예천군,90~99세,0
경북,예천군,100세 이상,0
경북,울릉군,0~9세,0
경북,울릉군,10~19세,0
경북,울릉군,20~29세,0
경북,울릉군,30~39세,0
경북,울릉군,40~49세,0
경북,울릉군,50~59세,0
경북,울릉군,60~69세,0
경북,울릉군,70~79세,0
경북,울릉군,80~89세,0
경북,울릉군,90~99세,0
경북,울릉군,100세 이상,0
경북,울릉군,0~9세,0
경북,울릉군,10~19세,0
경북,울릉군,20~29세,0
경북,울릉군,30~39세,0
경북,울릉군,40~49세,0
경북,울릉군,50~59세,0
경북,울릉군,60~69세,0
경북,울릉군,70~79세,0
경북,울릉군,80~89세,0
경북,울릉군,90~99세,0
경북,울릉군,100세 이상,0
경북,울진군,0~9세,0
경북,울진군,10~19세,0
경북,울진군,20~29세,0
경북,울진군,30~39세,0
경북,울진군,40~49세,0
경북,울진군,50~59세,0
경북,울진군,60~69세,0
경북,울진군,70~79세,0
경북,울진군,80~89세,0
경북,울진군,90~99세,0
경북,울진군,100세 이상,0
경북,울진군,0~9세,0
경북,울진군,10~19세,0
경북,울진군,20~29세,0
경북,울진군,30~39세,0
경북,울진군,40~49세,0
경북,울진군,50~59세,0
경북,울진군,60~69세,0
경북,울진군,70~79세,0
경북,울진군,80~89세,0
경북,울진군,90~99세,0
경북,울진군,100세 이상,0
경북,의성군,0~9세,0
경북,의성군,10~19세,0
경북,의성군,20~29세,0
경북,의성군,30~39세,0
경북,의성군,40~49세,0
경북,의성군,50~59세,0
경북,의성군,60~69세,0
경북,의성군,70~79세,0
경북,의성군,80~89세,0
경북,의성군,90~99세,0
경북,의성군,100세 이상,0
경북,의성군,0~9세,0
경북,의성군,10~19세,0
경북,의성군,20~29세,0
경북,의성군,30~39세,0
경북,의성군,40~49세,0
경북,의성군,50~59세,0
경북,의성군,60~69세,0
경북,의성군,70~79세,0
경북,의성군,80~89세,0
경북,의성군,90~99세,0
경북,의성군,100세 이상,0
경북,청도군,0~9세,0
경북,청도군,10~19세,0
경북,청도군,20~29세,0
경북,청도군,30~39세,0
경북,청도군,40~49세,0
경북,청도군,50~59세,0
경북,청도군,60~69세,0
경북,청도군,70~79세,0
경북,청도군,80~89세,0
경북,청도군,90~99세,0
경북,청도군,100세 이상,0
경북,청도군,0~9세,0
경북,청도군,10~19세,0
경북,청도군,20~29세,0
경북,청도군,30~39세,0
경북,청도군,40~49세,0
경북,청도군,50~59세,0
경북,청도군,60~69세,0
경북,청도군,70~79세,0
경북,청도군,80~89세,0
경북,청도군,90~99세,0
경북,청도군,100세 이상,0
경북,청송군,0~9세,0
경북,청송군,10~19세,0
경북,청송군,20~29세,0
경북,청송군,30~39세,0
경북,청송군,40~49세,0
경북,청송군,50~59세,0
경북,청송군,60~69세,0
경북,청송군,70~79세,0
경북,청송군,80~89세,0
경북,청송군,90~99세,0
경북,청송군,100세 이상,0
경북,청송군,0~9세,0
경북,청송군,10~19세,0
경북,청송군,20~29세,0
경북,청송군,30~39세,0
경북,청송군,40~49세,0
경북,청송군,50~59세,0
경북,청송군,60~69세,0
경북,청송군,70~79세,0
경북,청송군,80~89세,0
경북,청송군,90~99세,0
경북,청송군,100세 이상,0
경북,칠곡군,0~9세,0
경북,칠곡군,10~19세,0
경북,칠곡군,20~29세,0
경북,칠곡군,30~39세,0
경북,칠곡군,40~49세,0
경북,칠곡군,50~59세,0
경북,칠곡군,60~69세,0
경북,칠곡군,70~79세,0
경북,칠곡군,80~89세,0
경북,칠곡군,90~99세,0
경북,칠곡군,100세 이상,0
경북,칠곡군,0~9세,0
경북,칠곡군,10~19세,0
경북,칠곡군,20~29세,0
경북,칠곡군,30~39세,0
경북,칠곡군,40~49세,0
경북,칠곡군,50~59세,0
경북,칠곡군,60~69세,0
경북,칠곡군,70~79세,0
경북,칠곡군,80~89세,0
경북,칠곡군,90~99세,0
경북,칠곡군,100세 이상,0
경북,경주시,0~9세,0
경북,경주시,10~19세,0
경북,경주시,20~29세,0
경북,경주시,30~39세,0
경북,경주시,40~49세,0
경북,경주시,50~59세,0
경북,경주시,60~69세,0
경북,경주시,70~79세,0
경북,경주시,80~89세,0
경북,경주시,90~99세,0
경북,경주시,100세 이상,0
경북,경주시,0~9세,0
경북,경주시,10~19세,0
경북,경주시,20~29세,0
경북,경주시,30~39세,0
경북,경주시,40~49세,0
경북,경주시,50~59세,0
경북,경주시,60~69세,0
경북,경주시,70~79세,0
경북,경주시,80~89세,0
경북,경주시,90~99세,0
경북,경주시,100세 이상,0
경북,구미시,0~9세,0
경북,구미시,10~19세,0
경북,구미시,20~29세,0
경북,구미시,30~39세,0
경북,구미시,40~49세,0
경북,구미시,50~59세,0
경북,구미시,60~69세,0
경북,구미시,70~79세,0
경북,구미시,80~89세,0
경북,구미시,90~99세,0
경북,구미시,100세 이상,0
경북,구미시,0~9세,0
경북,구미시,10~19세,0
경북,구미시,20~29세,11
경북,구미시,30~39세,15
경북,구미시,40~49세,17
경북,구미시,50~59세,0
경북,구미시,60~69세,0
경북,구미시,70~79세,0
경북,구미시,80~89세,0
경북,구미시,90~99세,0
경북,구미시,100세 이상,0
경북,김천시,0~9세,0
경북,김천시,10~19세,0
경북,김천시,20~29세,0
경북,김천시,30~39세,0
경북,김천시,40~49세,0
경북,김천시,50~59세,0
경북,김천시,60~69세,0
경북,김천시,70~79세,0
경북,김천시,80~89세,0
경북,김천시,90~99세,0
경북,김천시,100세 이상,0
경북,김천시,0~9세,0
경북,김천시,10~19세,0
경북,김천시,20~29세,0
경북,김천시,30~39세,0
경북,김천시,40~49세,17
경북,김천시,50~59세,10
경북,김천시,60~69세,0
경북,김천시,70~79세,0
경북,김천시,80~89세,0
경북,김천시,90~99세,0
경북,김천시,100세 이상,0
경북,안동시,0~9세,0
경북,안동시,10~19세,0
경북,안동시,20~29세,0
경북,안동시,30~39세,0
경북,안동시,40~49세,0
경북,안동시,50~59세,0
경북,안동시,60~69세,0
경북,안동시,70~79세,0
경북,안동시,80~89세,0
경북,안동시,90~99세,0
경북,안동시,100세 이상,0
경북,안동시,0~9세,0
경북,안동시,10~19세,0
경북,안동시,20~29세,0
경북,안동시,30~39세,0
경북,안동시,40~49세,0
경북,안동시,50~59세,0
경북,안동시,60~69세,0
경북,안동시,70~79세,0
경북,안동시,80~89세,0
경북,안동시,90~99세,0
경북,안동시,100세 이상,0
경북,영주시,0~9세,0
경북,영주시,10~19세,0
경북,영주시,20~29세,0
경북,영주시,30~39세,0
경북,영주시,40~49세,0
경북,영주시,50~59세,0
경북,영주시,60~69세,0
경북,영주시,70~79세,0
경북,영주시,80~89세,0
경북,영주시,90~99세,0
경북,영주시,100세 이상,0
경북,영주시,0~9세,0
경북,영주시,10~19세,0
경북,영주시,20~29세,0
경북,영주시,30~39세,0
경북,영주시,40~49세,0
경북,영주시,50~59세,0
경북,영주시,60~69세,0
경북,영주시,70~79세,0
경북,영주시,80~89세,0
경북,영주시,90~99세,0
경북,영주시,100세 이상,0
경북,영천시,0~9세,0
경북,영천시,10~19세,0
경북,영천시,20~29세,0
경북,영천시,30~39세,0
경북,영천시,40~49세,0
경북,영천시,50~59세,0
경북,영천시,60~69세,0
경북,영천시,70~79세,0
경북,영천시,80~89세,0
경북,영천시,90~99세,0
경북,영천시,100세 이상,0
경북,영천시,0~9세,0
경북,영천시,10~19세,0
경북,영천시,20~29세,0
경북,영천시,30~39세,0
경북,영천시,40~49세,18
경북,영천시,50~59세,0
경북,영천시,60~69세,0
경북,영천시,70~79세,0
경북,영천시,80~89세,0
경북,영천시,90~99세,0
경북,영천시,100세 이상,0
경북,포항남구,0~9세,34
경북,포항남구,10~19세,19
경북,포항남구,20~29세,0
경북,포항남구,30~39세,0
경북,포항남구,40~49세,0
경북,포항남구,50~59세,0
경북,포항남구,60~69세,0
경북,포항남구,70~79세,0
경북,포항남구,80~89세,0
경북,포항남구,90~99세,0
경북,포항남구,100세 이상,0
경북,포항남구,0~9세,72
경북,포항남구,10~19세,0
경북,포항남구,20~29세,0
경북,포항남구,30~39세,0
경북,포항남구,40~49세,0
경북,포항남구,50~59세,0
경북,포항남구,60~69세,0
경북,포항남구,70~79세,0
경북,포항남구,80~89세,0
경북,포항남구,90~99세,0
경북,포항남구,100세 이상,0
경북,포항북구,0~9세,0
경북,포항북구,10~19세,0
경북,포항북구,20~29세,0
경북,포항북구,30~39세,0
경북,포항북구,40~49세,0
경북,포항북구,50~59세,0
경북,포항북구,60~69세,0
경북,포항북구,70~79세,0
경북,포항북구,80~89세,0
경북,포항북구,90~99세,0
경북,포항북구,100세 이상,0
경북,포항북구,0~9세,0
경북,포항북구,10~19세,0
경북,포항북구,20~29세,0
경북,포항북구,30~39세,12
경북,포항북구,40~49세,0
경북,포항북구,50~59세,14
경북,포항북구,60~69세,0
경북,포항북구,70~79세,0
경북,포항북구,80~89세,0
경북,포항북구,90~99세,0
경북,포항북구,100세 이상,0
경북,문경시,0~9세,0
경북,문경시,10~19세,0
경북,문경시,20~29세,0
경북,문경시,30~39세,0
경북,문경시,40~49세,0
경북,문경시,50~59세,0
경북,문경시,60~69세,0
경북,문경시,70~79세,0
경북,문경시,80~89세,0
경북,문경시,90~99세,0
경북,문경시,100세 이상,0
경북,문경시,0~9세,0
경북,문경시,10~19세,0
경북,문경시,20~29세,0
경북,문경시,30~39세,0
경북,문경시,40~49세,12
경북,문경시,50~59세,0
경북,문경시,60~69세,0
경북,문경시,70~79세,0
경북,문경시,80~89세,0
경북,문경시,90~99세,0
경북,문경시,100세 이상,0
경북,상주시,0~9세,0
경북,상주시,10~19세,0
경북,상주시,20~29세,0
경북,상주시,30~39세,0
경북,상주시,40~49세,0
경북,상주시,50~59세,0
경북,상주시,60~69세,0
경북,상주시,70~79세,0
경북,상주시,80~89세,0
경북,상주시,90~99세,0
경북,상주시,100세 이상,0
경북,상주시,0~9세,0
경북,상주시,10~19세,0
경북,상주시,20~29세,0
경북,상주시,30~39세,0
경북,상주시,40~49세,0
경북,상주시,50~59세,0
경북,상주시,60~69세,0
경북,상주시,70~79세,0
경북,상주시,80~89세,0
경북,상주시,90~99세,0
경북,상주시,100세 이상,0
경북,경산시,0~9세,0
경북,경산시,10~19세,0
경북,경산시,20~29세,0
경북,경산시,30~39세,0
경북,경산시,40~49세,0
경북,경산시,50~59세,0
경북,경산시,60~69세,0
경북,경산시,70~79세,0
경북,경산시,80~89세,0
경북,경산시,90~99세,0
경북,경산시,100세 이상,0
경북,경산시,0~9세,0
경북,경산시,10~19세,0
경북,경산시,20~29세,0
경북,경산시,30~39세,14
경북,경산시,40~49세,0
경북,경산시,50~59세,0
경북,경산시,60~69세,0
경북,경산시,70~79세,0
경북,경산시,80~89세,0
경북,경산시,90~99세,0
경북,경산시,100세 이상,0
경남,거창군,0~9세,0
경남,거창군,10~19세,0
경남,거창군,20~29세,0
경남,거창군,30~39세,0
경남,거창군,40~49세,0
경남,거창군,50~59세,0
경남,거창군,60~69세,0
경남,거창군,70~79세,0
경남,거창군,80~89세,0
경남,거창군,90~99세,0
경남,거창군,100세 이상,0
경남,거창군,0~9세,0
경남,거창군,10~19세,0
경남,거창군,20~29세,0
경남,거창군,30~39세,0
경남,거창군,40~49세,12
경남,거창군,50~59세,0
경남,거창군,60~69세,0
경남,거창군,70~79세,0
경남,거창군,80~89세,0
경남,거창군,90~99세,0
경남,거창군,100세 이상,0
경남,고성군,0~9세,0
경남,고성군,10~19세,0
경남,고성군,20~29세,0
경남,고성군,30~39세,0
경남,고성군,40~49세,0
경남,고성군,50~59세,0
경남,고성군,60~69세,0
경남,고성군,70~79세,0
경남,고성군,80~89세,0
경남,고성군,90~99세,0
경남,고성군,100세 이상,0
경남,고성군,0~9세,0
경남,고성군,10~19세,0
경남,고성군,20~29세,0
경남,고성군,30~39세,0
경남,고성군,40~49세,0
경남,고성군,50~59세,0
경남,고성군,60~69세,0
경남,고성군,70~79세,0
경남,고성군,80~89세,0
경남,고성군,90~99세,0
경남,고성군,100세 이상,0
경남,남해군,0~9세,0
경남,남해군,10~19세,0
경남,남해군,20~29세,0
경남,남해군,30~39세,0
경남,남해군,40~49세,0
경남,남해군,50~59세,0
경남,남해군,60~69세,0
경남,남해군,70~79세,0
경남,남해군,80~89세,0
경남,남해군,90~99세,0
경남,남해군,100세 이상,0
경남,남해군,0~9세,0
경남,남해군,10~19세,0
경남,남해군,20~29세,0
경남,남해군,30~39세,0
경남,남해군,40~49세,0
경남,남해군,50~59세,0
경남,남해군,60~69세,0
경남,남해군,70~79세,0
경남,남해군,80~89세,0
경남,남해군,90~99세,0
경남,남해군,100세 이상,0
경남,산청군,0~9세,0
경남,산청군,10~19세,0
경남,산청군,20~29세,0
경남,산청군,30~39세,0
경남,산청군,40~49세,0
경남,산청군,50~59세,0
경남,산청군,60~69세,0
경남,산청군,70~79세,0
경남,산청군,80~89세,0
경남,산청군,90~99세,0
경남,산청군,100세 이상,0
경남,산청군,0~9세,0
경남,산청군,10~19세,0
경남,산청군,20~29세,0
경남,산청군,30~39세,0
경남,산청군,40~49세,0
경남,산청군,50~59세,0
경남,산청군,60~69세,0
경남,산청군,70~79세,0
경남,산청군,80~89세,0
경남,산청군,90~99세,0
경남,산청군,100세 이상,0
경남,의령군,0~9세,0
경남,의령군,10~19세,0
경남,의령군,20~29세,0
경남,의령군,30~39세,0
경남,의령군,40~49세,0
경남,의령군,50~59세,0
경남,의령군,60~69세,0
경남,의령군,70~79세,0
경남,의령군,80~89세,0
경남,의령군,90~99세,0
경남,의령군,100세 이상,0
경남,의령군,0~9세,0
경남,의령군,10~19세,0
경남,의령군,20~29세,0
경남,의령군,30~39세,0
경남,의령군,40~49세,0
경남,의령군,50~59세,0
경남,의령군,60~69세,0
경남,의령군,70~79세,0
경남,의령군,80~89세,0
경남,의령군,90~99세,0
경남,의령군,100세 이상,0
경남,창녕군,0~9세,0
경남,창녕군,10~19세,0
경남,창녕군,20~29세,0
경남,창녕군,30~39세,0
경남,창녕군,40~49세,0
경남,창녕군,50~59세,0
경남,창녕군,60~69세,0
경남,창녕군,70~79세,0
경남,창녕군,80~89세,0
경남,창녕군,90~99세,0
경남,창녕군,100세 이상,0
경남,창녕군,0~9세,0
경남,창녕군,10~19세,0
경남,창녕군,20~29세,0
경남,창녕군,30~39세,0
경남,창녕군,40~49세,0
경남,창녕군,50~59세,0
경남,창녕군,60~69세,0
경남,창녕군,70~79세,0
경남,창녕군,80~89세,0
경남,창녕군,90~99세,0
경남,창녕군,100세 이상,0
경남,하동군,0~9세,0
경남,하동군,10~19세,0
경남,하동군,20~29세,0
경남,하동군,30~39세,0
경남,하동군,40~49세,0
경남,하동군,50~59세,0
경남,하동군,60~69세,0
경남,하동군,70~79세,0
경남,하동군,80~89세,0
경남,하동군,90~99세,0
경남,하동군,100세 이상,0
경남,하동군,0~9세,0
경남,하동군,10~19세,0
경남,하동군,20~29세,0
경남,하동군,30~39세,0
경남,하동군,40~49세,25
경남,하동군,50~59세,17
경남,하동군,60~69세,0
경남,하동군,70~79세,0
경남,하동군,80~89세,0
경남,하동군,90~99세,0
경남,하동군,100세 이상,0
경남,함안군,0~9세,0
경남,함안군,10~19세,0
경남,함안군,20~29세,0
경남,함안군,30~39세,0
경남,함안군,40~49세,0
경남,함안군,50~59세,0
경남,함안군,60~69세,0
경남,함안군,70~79세,0
경남,함안군,80~89세,0
경남,함안군,90~99세,0
경남,함안군,100세 이상,0
경남,함안군,0~9세,0
경남,함안군,10~19세,0
경남,함안군,20~29세,0
경남,함안군,30~39세,0
경남,함안군,40~49세,0
경남,함안군,50~59세,0
경남,함안군,60~69세,0
경남,함안군,70~79세,0
경남,함안군,80~89세,0
경남,함안군,90~99세,0
경남,함안군,100세 이상,0
경남,함양군,0~9세,0
경남,함양군,10~19세,0
경남,함양군,20~29세,0
경남,함양군,30~39세,0
경남,함양군,40~49세,0
경남,함양군,50~59세,0
경남,함양군,60~69세,0
경남,함양군,70~79세,0
경남,함양군,80~89세,0
경남,함양군,90~99세,0
경남,함양군,100세 이상,0
경남,함양군,0~9세,0
경남,함양군,10~19세,0
경남,함양군,20~29세,0
경남,함양군,30~39세,0
경남,함양군,40~49세,0
경남,함양군,50~59세,0
경남,함양군,60~69세,0
경남,함양군,70~79세,0
경남,함양군,80~89세,0
경남,함양군,90~99세,0
경남,함양군,100세 이상,0
경남,합천군,0~9세,0
경남,합천군,10~19세,0
경남,합천군,20~29세,0
경남,합천군,30~39세,0
경남,합천군,40~49세,0
경남,합천군,50~59세,0
경남,합천군,60~69세,0
경남,합천군,70~79세,0
경남,합천군,80~89세,0
경남,합천군,90~99세,0
경남,합천군,100세 이상,0
경남,합천군,0~9세,0
경남,합천군,10~19세,0
경남,합천군,20~29세,0
경남,합천군,30~39세,0
경남,합천군,40~49세,0
경남,합천군,50~59세,0
경남,합천군,60~69세,0
경남,합천군,70~79세,0
경남,합천군,80~89세,0
경남,합천군,90~99세,0
경남,합천군,100세 이상,0
경남,김해시,0~9세,10
경남,김해시,10~19세,0
경남,김해시,20~29세,0
경남,김해시,30~39세,0
경남,김해시,40~49세,0
경남,김해시,50~59세,0
경남,김해시,60~69세,0
경남,김해시,70~79세,0
경남,김해시,80~89세,0
경남,김해시,90~99세,0
경남,김해시,100세 이상,0
경남,김해시,0~9세,0
경남,김해시,10~19세,0
경남,김해시,20~29세,10
경남,김해시,30~39세,49
경남,김해시,40~49세,61
경남,김해시,50~59세,32
경남,김해시,60~69세,0
경남,김해시,70~79세,0
경남,김해시,80~89세,0
경남,김해시,90~99세,0
경남,김해시,100세 이상,0
경남,사천시,0~9세,0
경남,사천시,10~19세,0
경남,사천시,20~29세,0
경남,사천시,30~39세,0
경남,사천시,40~49세,0
경남,사천시,50~59세,0
경남,사천시,60~69세,0
경남,사천시,70~79세,0
경남,사천시,80~89세,0
경남,사천시,90~99세,0
경남,사천시,100세 이상,0
경남,사천시,0~9세,0
경남,사천시,10~19세,0
경남,사천시,20~29세,0
경남,사천시,30~39세,0
경남,사천시,40~49세,0
경남,사천시,50~59세,0
경남,사천시,60~69세,0
경남,사천시,70~79세,0
경남,사천시,80~89세,0
경남,사천시,90~99세,0
경남,사천시,100세 이상,0
경남,진주시,0~9세,0
경남,진주시,10~19세,18
경남,진주시,20~29세,0
경남,진주시,30~39세,0
경남,진주시,40~49세,0
경남,진주시,50~59세,0
경남,진주시,60~69세,0
경남,진주시,70~79세,0
경남,진주시,80~89세,0
경남,진주시,90~99세,0
경남,진주시,100세 이상,0
경남,진주시,0~9세,0
경남,진주시,10~19세,13
경남,진주시,20~29세,0
경남,진주시,30~39세,19
경남,진주시,40~49세,23
경남,진주시,50~59세,13
경남,진주시,60~69세,0
경남,진주시,70~79세,0
경남,진주시,80~89세,0
경남,진주시,90~99세,0
경남,진주시,100세 이상,0
경남,창원마산회원구,0~9세,0
경남,창원마산회원구,10~19세,0
경남,창원마산회원구,20~29세,0
경남,창원마산회원구,30~39세,11
경남,창원마산회원구,40~49세,24
경남,창원마산회원구,50~59세,13
경남,창원마산회원구,60~69세,0
경남,창원마산회원구,70~79세,0
경남,창원마산회원구,80~89세,0
경남,창원마산회원구,90~99세,0
경남,창원마산회원구,100세 이상,0
경남,창원마산회원구,0~9세,0
경남,창원마산회원구,10~19세,0
경남,창원마산회원구,20~29세,18
경남,창원마산회원구,30~39세,24
경남,창원마산회원구,40~49세,44
경남,창원마산회원구,50~59세,24
경남,창원마산회원구,60~69세,0
경남,창원마산회원구,70~79세,0
경남,창원마산회원구,80~89세,0
경남,창원마산회원구,90~99세,0
경남,창원마산회원구,100세 이상,0
경남,창원마산합포구,0~9세,0
경남,창원마산합포구,10~19세,0
경남,창원마산합포구,20~29세,0
경남,창원마산합포구,30~39세,0
경남,창원마산합포구,40~49세,0
경남,창원마산합포구,50~59세,0
경남,창원마산합포구,60~69세,0
경남,창원마산합포구,70~79세,0
경남,창원마산합포구,80~89세,0
경남,창원마산합포구,90~99세,0
경남,창원마산합포구,100세 이상,0
경남,창원마산합포구,0~9세,0
경남,창원마산합포구,10~19세,0
경남,창원마산합포구,20~29세,0
경남,창원마산합포구,30~39세,0
경남,창원마산합포구,40~49세,0
경남,창원마산합포구,50~59세,0
경남,창원마산합포구,60~69세,0
경남,창원마산합포구,70~79세,0
경남,창원마산합포구,80~89세,0
경남,창원마산합포구,90~99세,0
경남,창원마산합포구,100세 이상,0
경남,창원진해구,0~9세,0
경남,창원진해구,10~19세,0
경남,창원진해구,20~29세,0
경남,창원진해구,30~39세,0
경남,창원진해구,40~49세,0
경남,창원진해구,50~59세,0
경남,창원진해구,60~69세,0
경남,창원진해구,70~79세,0
경남,창원진해구,80~89세,0
경남,창원진해구,90~99세,0
경남,창원진해구,100세 이상,0
경남,창원진해구,0~9세,0
경남,창원진해구,10~19세,0
경남,창원진해구,20~29세,0
경남,창원진해구,30~39세,0
경남,창원진해구,40~49세,0
경남,창원진해구,50~59세,0
경남,창원진해구,60~69세,0
경남,창원진해구,70~79세,0
경남,창원진해구,80~89세,0
경남,창원진해구,90~99세,0
경남,창원진해구,100세 이상,0
경남,창원의창구,0~9세,0
경남,창원의창구,10~19세,0
경남,창원의창구,20~29세,0
경남,창원의창구,30~39세,0
경남,창원의창구,40~49세,0
경남,창원의창구,50~59세,0
경남,창원의창구,60~69세,0
경남,창원의창구,70~79세,0
경남,창원의창구,80~89세,0
경남,창원의창구,90~99세,0
경남,창원의창구,100세 이상,0
경남,창원의창구,0~9세,0
경남,창원의창구,10~19세,0
경남,창원의창구,20~29세,13
경남,창원의창구,30~39세,18
경남,창원의창구,40~49세,23
경남,창원의창구,50~59세,0
경남,창원의창구,60~69세,0
경남,창원의창구,70~79세,0
경남,창원의창구,80~89세,0
경남,창원의창구,90~99세,0
경남,창원의창구,100세 이상,0
경남,창원성산구,0~9세,0
경남,창원성산구,10~19세,0
경남,창원성산구,20~29세,0
경남,창원성산구,30~39세,0
경남,창원성산구,40~49세,0
경남,창원성산구,50~59세,0
경남,창원성산구,60~69세,0
경남,창원성산구,70~79세,0
경남,창원성산구,80~89세,0
경남,창원성산구,90~99세,0
경남,창원성산구,100세 이상,0
경남,창원성산구,0~9세,0
경남,창원성산구,10~19세,0
경남,창원성산구,20~29세,0
경남,창원성산구,30~39세,14
경남,창원성산구,40~49세,14
경남,창원성산구,50~59세,0
경남,창원성산구,60~69세,0
경남,창원성산구,70~79세,0
경남,창원성산구,80~89세,0
경남,창원성산구,90~99세,0
경남,창원성산구,100세 이상,0
경남,통영시,0~9세,0
경남,통영시,10~19세,0
경남,통영시,20~29세,0
경남,통영시,30~39세,0
경남,통영시,40~49세,0
경남,통영시,50~59세,0
경남,통영시,60~69세,0
경남,통영시,70~79세,0
경남,통영시,80~89세,0
경남,통영시,90~99세,0
경남,통영시,100세 이상,0
경남,통영시,0~9세,0
경남,통영시,10~19세,0
경남,통영시,20~29세,0
경남,통영시,30~39세,0
경남,통영시,40~49세,18
경남,통영시,50~59세,0
경남,통영시,60~69세,0
경남,통영시,70~79세,0
경남,통영시,80~89세,0
경남,통영시,90~99세,0
경남,통영시,100세 이상,0
경남,밀양시,0~9세,0
경남,밀양시,10~19세,0
경남,밀양시,20~29세,0
경남,밀양시,30~39세,0
경남,밀양시,40~49세,0
경남,밀양시,50~59세,0
경남,밀양시,60~69세,0
경남,밀양시,70~79세,0
경남,밀양시,80~89세,0
경남,밀양시,90~99세,0
경남,밀양시,100세 이상,0
경남,밀양시,0~9세,0
경남,밀양시,10~19세,0
경남,밀양시,20~29세,0
경남,밀양시,30~39세,0
경남,밀양시,40~49세,0
경남,밀양시,50~59세,0
경남,밀양시,60~69세,0
경남,밀양시,70~79세,0
경남,밀양시,80~89세,0
경남,밀양시,90~99세,0
경남,밀양시,100세 이상,0
경남,거제시,0~9세,0
경남,거제시,10~19세,10
경남,거제시,20~29세,0
경남,거제시,30~39세,0
경남,거제시,40~49세,0
경남,거제시,50~59세,0
경남,거제시,60~69세,0
경남,거제시,70~79세,0
경남,거제시,80~89세,0
경남,거제시,90~99세,0
경남,거제시,100세 이상,0
경남,거제시,0~9세,0
경남,거제시,10~19세,0
경남,거제시,20~29세,0
경남,거제시,30~39세,0
경남,거제시,40~49세,0
경남,거제시,50~59세,0
경남,거제시,60~69세,0
경남,거제시,70~79세,0
경남,거제시,80~89세,0
경남,거제시,90~99세,0
경남,거제시,100세 이상,0
경남,양산시,0~9세,0
경남,양산시,10~19세,0
경남,양산시,20~29세,0
경남,양산시,30~39세,11
경남,양산시,40~49세,0
경남,양산시,50~59세,0
경남,양산시,60~69세,10
경남,양산시,70~79세,0
경남,양산시,80~89세,0
경남,양산시,90~99세,0
경남,양산시,100세 이상,0
경남,양산시,0~9세,0
경남,양산시,10~19세,0
경남,양산시,20~29세,0
경남,양산시,30~39세,0
경남,양산시,40~49세,17
경남,양산시,50~59세,13
경남,양산시,60~69세,15
경남,양산시,70~79세,0
경남,양산시,80~89세,0
경남,양산시,90~99세,0
경남,양산시,100세 이상,0
제주,서귀포시,0~9세,0
제주,서귀포시,10~19세,0
제주,서귀포시,20~29세,0
제주,서귀포시,30~39세,0
제주,서귀포시,40~49세,0
제주,서귀포시,50~59세,0
제주,서귀포시,60~69세,0
제주,서귀포시,70~79세,0
제주,서귀포시,80~89세,0
제주,서귀포시,90~99세,0
제주,서귀포시,100세 이상,0
제주,서귀포시,0~9세,0
제주,서귀포시,10~19세,0
제주,서귀포시,20~29세,0
제주,서귀포시,30~39세,0
제주,서귀포시,40~49세,23
제주,서귀포시,50~59세,22
제주,서귀포시,60~69세,0
제주,서귀포시,70~79세,0
제주,서귀포시,80~89세,0
제주,서귀포시,90~99세,0
제주,서귀포시,100세 이상,0
제주,제주시,0~9세,18
제주,제주시,10~19세,16
제주,제주시,20~29세,0
제주,제주시,30~39세,0
제주,제주시,40~49세,0
제주,제주시,50~59세,0
제주,제주시,60~69세,0
제주,제주시,70~79세,0
제주,제주시,80~89세,0
제주,제주시,90~99세,0
제주,제주시,100세 이상,0
제주,제주시,0~9세,0
제주,제주시,10~19세,0
제주,제주시,20~29세,0
제주,제주시,30~39세,19
제주,제주시,40~49세,33
제주,제주시,50~59세,22
제주,제주시,60~69세,0
제주,제주시,70~79세,0
제주,제주시,80~89세,0
제주,제주시,90~99세,0
제주,제주시,100세 이상,0
세종,세종시,0~9세,11
세종,세종시,10~19세,13
세종,세종시,20~29세,0
세종,세종시,30~39세,0
세종,세종시,40~49세,0
세종,세종시,50~59세,0
세종,세종시,60~69세,0
세종,세종시,70~79세,0
세종,세종시,80~89세,0
세종,세종시,90~99세,0
세종,세종시,100세 이상,0
세종,세종시,0~9세,0
세종,세종시,10~19세,0
세종,세종시,20~29세,0
세종,세종시,30~39세,18
세종,세종시,40~49세,20
세종,세종시,50~59세,0
세종,세종시,60~69세,0
세종,세종시,70~79세,0
세종,세종시,80~89세,0
세종,세종시,90~99세,0
세종,세종시,100세 이상,0
